{
"type": "FeatureCollection",
"name": "stac_catalog",
"crs": { "type": "name", "properties": { "name": "urn:ogc:def:crs:OGC:1.3:CRS84" } },
"features": [
{ "type": "Feature", "properties": { "Event": "Bangladesh", "Chip_ID": "BGD_40_119", "Image Source": "PS", "PS_href": "../../../../Bangladesh/PS/BGD_40_119.tif", "labels_href": "../../../../Bangladesh/labels/BGD_40_119.tif", "bbox": [ 91.47737633915467, 23.517514768145993, 91.50735082523008, 23.5474892542214 ] }, "geometry": { "type": "Polygon", "coordinates": [ [ [ 91.477376339154674, 23.517514768145993 ], [ 91.477376339154674, 23.5474892542214 ], [ 91.507350825230077, 23.5474892542214 ], [ 91.507350825230077, 23.517514768145993 ], [ 91.477376339154674, 23.517514768145993 ] ] ] } },
{ "type": "Feature", "properties": { "Event": "Bangladesh", "Chip_ID": "BGD_43_99", "Image Source": "PS", "PS_href": "../../../../Bangladesh/PS/BGD_43_99.tif", "labels_href": "../../../../Bangladesh/labels/BGD_43_99.tif", "bbox": [ 91.5672997973809, 24.117004489654132, 91.5972742834563, 24.14697897572954 ] }, "geometry": { "type": "Polygon", "coordinates": [ [ [ 91.567299797380898, 24.117004489654132 ], [ 91.567299797380898, 24.146978975729539 ], [ 91.597274283456301, 24.146978975729539 ], [ 91.597274283456301, 24.117004489654132 ], [ 91.567299797380898, 24.117004489654132 ] ] ] } },
{ "type": "Feature", "properties": { "Event": "Bangladesh", "Chip_ID": "BGD_45_90", "Image Source": "PS", "PS_href": "../../../../Bangladesh/PS/BGD_45_90.tif", "labels_href": "../../../../Bangladesh/labels/BGD_45_90.tif", "bbox": [ 91.6272487695317, 24.386774864332796, 91.65722325560711, 24.416749350408203 ] }, "geometry": { "type": "Polygon", "coordinates": [ [ [ 91.627248769531704, 24.386774864332796 ], [ 91.627248769531704, 24.416749350408203 ], [ 91.657223255607107, 24.416749350408203 ], [ 91.657223255607107, 24.386774864332796 ], [ 91.627248769531704, 24.386774864332796 ] ] ] } },
{ "type": "Feature", "properties": { "Event": "Bangladesh", "Chip_ID": "BGD_50_67", "Image Source": "PS", "PS_href": "../../../../Bangladesh/PS/BGD_50_67.tif", "labels_href": "../../../../Bangladesh/labels/BGD_50_67.tif", "bbox": [ 91.77712119990873, 25.07618804406716, 91.80709568598414, 25.106162530142566 ] }, "geometry": { "type": "Polygon", "coordinates": [ [ [ 91.777121199908734, 25.076188044067159 ], [ 91.777121199908734, 25.106162530142566 ], [ 91.807095685984137, 25.106162530142566 ], [ 91.807095685984137, 25.076188044067159 ], [ 91.777121199908734, 25.076188044067159 ] ] ] } },
{ "type": "Feature", "properties": { "Event": "Bangladesh", "Chip_ID": "BGD_50_83", "Image Source": "PS", "PS_href": "../../../../Bangladesh/PS/BGD_50_83.tif", "labels_href": "../../../../Bangladesh/labels/BGD_50_83.tif", "bbox": [ 91.77712119990873, 24.596596266860647, 91.80709568598414, 24.626570752936054 ] }, "geometry": { "type": "Polygon", "coordinates": [ [ [ 91.777121199908734, 24.596596266860647 ], [ 91.777121199908734, 24.626570752936054 ], [ 91.807095685984137, 24.626570752936054 ], [ 91.807095685984137, 24.596596266860647 ], [ 91.777121199908734, 24.596596266860647 ] ] ] } },
{ "type": "Feature", "properties": { "Event": "Bangladesh", "Chip_ID": "BGD_52_67", "Image Source": "PS", "PS_href": "../../../../Bangladesh/PS/BGD_52_67.tif", "labels_href": "../../../../Bangladesh/labels/BGD_52_67.tif", "bbox": [ 91.83707017205955, 25.07618804406716, 91.86704465813496, 25.106162530142566 ] }, "geometry": { "type": "Polygon", "coordinates": [ [ [ 91.837070172059555, 25.076188044067159 ], [ 91.837070172059555, 25.106162530142566 ], [ 91.867044658134958, 25.106162530142566 ], [ 91.867044658134958, 25.076188044067159 ], [ 91.837070172059555, 25.076188044067159 ] ] ] } },
{ "type": "Feature", "properties": { "Event": "Bangladesh", "Chip_ID": "BGD_52_81", "Image Source": "PS", "PS_href": "../../../../Bangladesh/PS/BGD_52_81.tif", "labels_href": "../../../../Bangladesh/labels/BGD_52_81.tif", "bbox": [ 91.83707017205955, 24.65654523901146, 91.86704465813496, 24.686519725086868 ] }, "geometry": { "type": "Polygon", "coordinates": [ [ [ 91.837070172059555, 24.656545239011461 ], [ 91.837070172059555, 24.686519725086868 ], [ 91.867044658134958, 24.686519725086868 ], [ 91.867044658134958, 24.656545239011461 ], [ 91.837070172059555, 24.656545239011461 ] ] ] } },
{ "type": "Feature", "properties": { "Event": "Bangladesh", "Chip_ID": "BGD_53_80", "Image Source": "PS", "PS_href": "../../../../Bangladesh/PS/BGD_53_80.tif", "labels_href": "../../../../Bangladesh/labels/BGD_53_80.tif", "bbox": [ 91.86704465813496, 24.686519725086868, 91.89701914421036, 24.716494211162274 ] }, "geometry": { "type": "Polygon", "coordinates": [ [ [ 91.867044658134958, 24.686519725086868 ], [ 91.867044658134958, 24.716494211162274 ], [ 91.897019144210361, 24.716494211162274 ], [ 91.897019144210361, 24.686519725086868 ], [ 91.867044658134958, 24.686519725086868 ] ] ] } },
{ "type": "Feature", "properties": { "Event": "Bangladesh", "Chip_ID": "BGD_54_69", "Image Source": "PS", "PS_href": "../../../../Bangladesh/PS/BGD_54_69.tif", "labels_href": "../../../../Bangladesh/labels/BGD_54_69.tif", "bbox": [ 91.89701914421038, 25.016239071916345, 91.92699363028578, 25.046213557991752 ] }, "geometry": { "type": "Polygon", "coordinates": [ [ [ 91.897019144210375, 25.016239071916345 ], [ 91.897019144210375, 25.046213557991752 ], [ 91.926993630285779, 25.046213557991752 ], [ 91.926993630285779, 25.016239071916345 ], [ 91.897019144210375, 25.016239071916345 ] ] ] } },
{ "type": "Feature", "properties": { "Event": "Bangladesh", "Chip_ID": "BGD_56_68", "Image Source": "PS", "PS_href": "../../../../Bangladesh/PS/BGD_56_68.tif", "labels_href": "../../../../Bangladesh/labels/BGD_56_68.tif", "bbox": [ 91.95696811636118, 25.046213557991752, 91.98694260243659, 25.07618804406716 ] }, "geometry": { "type": "Polygon", "coordinates": [ [ [ 91.956968116361182, 25.046213557991752 ], [ 91.956968116361182, 25.076188044067159 ], [ 91.986942602436585, 25.076188044067159 ], [ 91.986942602436585, 25.046213557991752 ], [ 91.956968116361182, 25.046213557991752 ] ] ] } },
{ "type": "Feature", "properties": { "Event": "Bangladesh", "Chip_ID": "BGD_59_27", "Image Source": "PS", "PS_href": "../../../../Bangladesh/PS/BGD_59_27.tif", "labels_href": "../../../../Bangladesh/labels/BGD_59_27.tif", "bbox": [ 92.0468915745874, 26.27516748708344, 92.07686606066281, 26.305141973158847 ] }, "geometry": { "type": "Polygon", "coordinates": [ [ [ 92.046891574587406, 26.27516748708344 ], [ 92.046891574587406, 26.305141973158847 ], [ 92.076866060662809, 26.305141973158847 ], [ 92.076866060662809, 26.27516748708344 ], [ 92.046891574587406, 26.27516748708344 ] ] ] } },
{ "type": "Feature", "properties": { "Event": "Bangladesh", "Chip_ID": "BGD_62_23", "Image Source": "PS", "PS_href": "../../../../Bangladesh/PS/BGD_62_23.tif", "labels_href": "../../../../Bangladesh/labels/BGD_62_23.tif", "bbox": [ 92.13681503281363, 26.395065431385067, 92.16678951888903, 26.425039917460474 ] }, "geometry": { "type": "Polygon", "coordinates": [ [ [ 92.13681503281363, 26.395065431385067 ], [ 92.13681503281363, 26.425039917460474 ], [ 92.166789518889033, 26.425039917460474 ], [ 92.166789518889033, 26.395065431385067 ], [ 92.13681503281363, 26.395065431385067 ] ] ] } },
{ "type": "Feature", "properties": { "Event": "Bangladesh", "Chip_ID": "BGD_64_23", "Image Source": "PS", "PS_href": "../../../../Bangladesh/PS/BGD_64_23.tif", "labels_href": "../../../../Bangladesh/labels/BGD_64_23.tif", "bbox": [ 92.19676400496444, 26.395065431385067, 92.22673849103984, 26.425039917460474 ] }, "geometry": { "type": "Polygon", "coordinates": [ [ [ 92.196764004964436, 26.395065431385067 ], [ 92.196764004964436, 26.425039917460474 ], [ 92.226738491039839, 26.425039917460474 ], [ 92.226738491039839, 26.395065431385067 ], [ 92.196764004964436, 26.395065431385067 ] ] ] } },
{ "type": "Feature", "properties": { "Event": "Bangladesh", "Chip_ID": "BGD_66_18", "Image Source": "PS", "PS_href": "../../../../Bangladesh/PS/BGD_66_18.tif", "labels_href": "../../../../Bangladesh/labels/BGD_66_18.tif", "bbox": [ 92.25671297711526, 26.544937861762104, 92.28668746319066, 26.57491234783751 ] }, "geometry": { "type": "Polygon", "coordinates": [ [ [ 92.256712977115257, 26.544937861762104 ], [ 92.256712977115257, 26.574912347837511 ], [ 92.28668746319066, 26.574912347837511 ], [ 92.28668746319066, 26.544937861762104 ], [ 92.256712977115257, 26.544937861762104 ] ] ] } },
{ "type": "Feature", "properties": { "Event": "Bangladesh", "Chip_ID": "BGD_67_19", "Image Source": "PS", "PS_href": "../../../../Bangladesh/PS/BGD_67_19.tif", "labels_href": "../../../../Bangladesh/labels/BGD_67_19.tif", "bbox": [ 92.28668746319066, 26.514963375686698, 92.31666194926606, 26.544937861762104 ] }, "geometry": { "type": "Polygon", "coordinates": [ [ [ 92.28668746319066, 26.514963375686698 ], [ 92.28668746319066, 26.544937861762104 ], [ 92.316661949266063, 26.544937861762104 ], [ 92.316661949266063, 26.514963375686698 ], [ 92.28668746319066, 26.514963375686698 ] ] ] } },
{ "type": "Feature", "properties": { "Event": "Bolivia", "Chip_ID": "BOL_1015", "Image Source": "PS", "PS_href": "../../../../Bolivia/PS/BOL_1015.tif", "labels_href": "../../../../Bolivia/labels/BOL_1015.tif", "bbox": [ -65.24054384690425, -14.162840823477419, -65.21218979752327, -14.134486774096434 ] }, "geometry": { "type": "Polygon", "coordinates": [ [ [ -65.240543846904245, -14.162840823477419 ], [ -65.240543846904245, -14.134486774096434 ], [ -65.212189797523266, -14.134486774096434 ], [ -65.212189797523266, -14.162840823477419 ], [ -65.240543846904245, -14.162840823477419 ] ] ] } },
{ "type": "Feature", "properties": { "Event": "Bolivia", "Chip_ID": "BOL_1016", "Image Source": "PS", "PS_href": "../../../../Bolivia/PS/BOL_1016.tif", "labels_href": "../../../../Bolivia/labels/BOL_1016.tif", "bbox": [ -65.21218979752327, -14.162840823477419, -65.18383574814229, -14.134486774096434 ] }, "geometry": { "type": "Polygon", "coordinates": [ [ [ -65.212189797523266, -14.162840823477419 ], [ -65.212189797523266, -14.134486774096434 ], [ -65.183835748142286, -14.134486774096434 ], [ -65.183835748142286, -14.162840823477419 ], [ -65.212189797523266, -14.162840823477419 ] ] ] } },
{ "type": "Feature", "properties": { "Event": "Bolivia", "Chip_ID": "BOL_1017", "Image Source": "PS", "PS_href": "../../../../Bolivia/PS/BOL_1017.tif", "labels_href": "../../../../Bolivia/labels/BOL_1017.tif", "bbox": [ -65.18383574814227, -14.162840823477419, -65.15548169876129, -14.134486774096434 ] }, "geometry": { "type": "Polygon", "coordinates": [ [ [ -65.183835748142272, -14.162840823477419 ], [ -65.183835748142272, -14.134486774096434 ], [ -65.155481698761292, -14.134486774096434 ], [ -65.155481698761292, -14.162840823477419 ], [ -65.183835748142272, -14.162840823477419 ] ] ] } },
{ "type": "Feature", "properties": { "Event": "Bolivia", "Chip_ID": "BOL_1041", "Image Source": "PS", "PS_href": "../../../../Bolivia/PS/BOL_1041.tif", "labels_href": "../../../../Bolivia/labels/BOL_1041.tif", "bbox": [ -65.26889789628524, -14.191194872858402, -65.24054384690426, -14.162840823477417 ] }, "geometry": { "type": "Polygon", "coordinates": [ [ [ -65.268897896285239, -14.191194872858402 ], [ -65.268897896285239, -14.162840823477417 ], [ -65.240543846904259, -14.162840823477417 ], [ -65.240543846904259, -14.191194872858402 ], [ -65.268897896285239, -14.191194872858402 ] ] ] } },
{ "type": "Feature", "properties": { "Event": "Bolivia", "Chip_ID": "BOL_1042", "Image Source": "PS", "PS_href": "../../../../Bolivia/PS/BOL_1042.tif", "labels_href": "../../../../Bolivia/labels/BOL_1042.tif", "bbox": [ -65.24054384690425, -14.191194872858402, -65.21218979752327, -14.162840823477417 ] }, "geometry": { "type": "Polygon", "coordinates": [ [ [ -65.240543846904245, -14.191194872858402 ], [ -65.240543846904245, -14.162840823477417 ], [ -65.212189797523266, -14.162840823477417 ], [ -65.212189797523266, -14.191194872858402 ], [ -65.240543846904245, -14.191194872858402 ] ] ] } },
{ "type": "Feature", "properties": { "Event": "Bolivia", "Chip_ID": "BOL_1069", "Image Source": "PS", "PS_href": "../../../../Bolivia/PS/BOL_1069.tif", "labels_href": "../../../../Bolivia/labels/BOL_1069.tif", "bbox": [ -65.24054384690425, -14.219548922239387, -65.21218979752327, -14.191194872858402 ] }, "geometry": { "type": "Polygon", "coordinates": [ [ [ -65.240543846904245, -14.219548922239387 ], [ -65.240543846904245, -14.191194872858402 ], [ -65.212189797523266, -14.191194872858402 ], [ -65.212189797523266, -14.219548922239387 ], [ -65.240543846904245, -14.219548922239387 ] ] ] } },
{ "type": "Feature", "properties": { "Event": "Bolivia", "Chip_ID": "BOL_1096", "Image Source": "PS", "PS_href": "../../../../Bolivia/PS/BOL_1096.tif", "labels_href": "../../../../Bolivia/labels/BOL_1096.tif", "bbox": [ -65.24054384690425, -14.247902971620372, -65.21218979752327, -14.219548922239387 ] }, "geometry": { "type": "Polygon", "coordinates": [ [ [ -65.240543846904245, -14.247902971620372 ], [ -65.240543846904245, -14.219548922239387 ], [ -65.212189797523266, -14.219548922239387 ], [ -65.212189797523266, -14.247902971620372 ], [ -65.240543846904245, -14.247902971620372 ] ] ] } },
{ "type": "Feature", "properties": { "Event": "Bolivia", "Chip_ID": "BOL_1122", "Image Source": "PS", "PS_href": "../../../../Bolivia/PS/BOL_1122.tif", "labels_href": "../../../../Bolivia/labels/BOL_1122.tif", "bbox": [ -65.26889789628524, -14.276257021001356, -65.24054384690426, -14.247902971620372 ] }, "geometry": { "type": "Polygon", "coordinates": [ [ [ -65.268897896285239, -14.276257021001356 ], [ -65.268897896285239, -14.247902971620372 ], [ -65.240543846904259, -14.247902971620372 ], [ -65.240543846904259, -14.276257021001356 ], [ -65.268897896285239, -14.276257021001356 ] ] ] } },
{ "type": "Feature", "properties": { "Event": "Bolivia", "Chip_ID": "BOL_1123", "Image Source": "PS", "PS_href": "../../../../Bolivia/PS/BOL_1123.tif", "labels_href": "../../../../Bolivia/labels/BOL_1123.tif", "bbox": [ -65.24054384690425, -14.276257021001356, -65.21218979752327, -14.247902971620372 ] }, "geometry": { "type": "Polygon", "coordinates": [ [ [ -65.240543846904245, -14.276257021001356 ], [ -65.240543846904245, -14.247902971620372 ], [ -65.212189797523266, -14.247902971620372 ], [ -65.212189797523266, -14.276257021001356 ], [ -65.240543846904245, -14.276257021001356 ] ] ] } },
{ "type": "Feature", "properties": { "Event": "Bolivia", "Chip_ID": "BOL_1124", "Image Source": "PS", "PS_href": "../../../../Bolivia/PS/BOL_1124.tif", "labels_href": "../../../../Bolivia/labels/BOL_1124.tif", "bbox": [ -65.21218979752327, -14.276257021001356, -65.18383574814229, -14.247902971620372 ] }, "geometry": { "type": "Polygon", "coordinates": [ [ [ -65.212189797523266, -14.276257021001356 ], [ -65.212189797523266, -14.247902971620372 ], [ -65.183835748142286, -14.247902971620372 ], [ -65.183835748142286, -14.276257021001356 ], [ -65.212189797523266, -14.276257021001356 ] ] ] } },
{ "type": "Feature", "properties": { "Event": "Bolivia", "Chip_ID": "BOL_1149", "Image Source": "PS", "PS_href": "../../../../Bolivia/PS/BOL_1149.tif", "labels_href": "../../../../Bolivia/labels/BOL_1149.tif", "bbox": [ -65.26889789628524, -14.304611070382341, -65.24054384690426, -14.276257021001356 ] }, "geometry": { "type": "Polygon", "coordinates": [ [ [ -65.268897896285239, -14.304611070382341 ], [ -65.268897896285239, -14.276257021001356 ], [ -65.240543846904259, -14.276257021001356 ], [ -65.240543846904259, -14.304611070382341 ], [ -65.268897896285239, -14.304611070382341 ] ] ] } },
{ "type": "Feature", "properties": { "Event": "Bolivia", "Chip_ID": "BOL_1150", "Image Source": "PS", "PS_href": "../../../../Bolivia/PS/BOL_1150.tif", "labels_href": "../../../../Bolivia/labels/BOL_1150.tif", "bbox": [ -65.24054384690425, -14.304611070382341, -65.21218979752327, -14.276257021001356 ] }, "geometry": { "type": "Polygon", "coordinates": [ [ [ -65.240543846904245, -14.304611070382341 ], [ -65.240543846904245, -14.276257021001356 ], [ -65.212189797523266, -14.276257021001356 ], [ -65.212189797523266, -14.304611070382341 ], [ -65.240543846904245, -14.304611070382341 ] ] ] } },
{ "type": "Feature", "properties": { "Event": "Bolivia", "Chip_ID": "BOL_1151", "Image Source": "PS", "PS_href": "../../../../Bolivia/PS/BOL_1151.tif", "labels_href": "../../../../Bolivia/labels/BOL_1151.tif", "bbox": [ -65.21218979752327, -14.304611070382341, -65.18383574814229, -14.276257021001356 ] }, "geometry": { "type": "Polygon", "coordinates": [ [ [ -65.212189797523266, -14.304611070382341 ], [ -65.212189797523266, -14.276257021001356 ], [ -65.183835748142286, -14.276257021001356 ], [ -65.183835748142286, -14.304611070382341 ], [ -65.212189797523266, -14.304611070382341 ] ] ] } },
{ "type": "Feature", "properties": { "Event": "Bolivia", "Chip_ID": "BOL_1176", "Image Source": "PS", "PS_href": "../../../../Bolivia/PS/BOL_1176.tif", "labels_href": "../../../../Bolivia/labels/BOL_1176.tif", "bbox": [ -65.26889789628524, -14.332965119763326, -65.24054384690426, -14.304611070382341 ] }, "geometry": { "type": "Polygon", "coordinates": [ [ [ -65.268897896285239, -14.332965119763326 ], [ -65.268897896285239, -14.304611070382341 ], [ -65.240543846904259, -14.304611070382341 ], [ -65.240543846904259, -14.332965119763326 ], [ -65.268897896285239, -14.332965119763326 ] ] ] } },
{ "type": "Feature", "properties": { "Event": "Bolivia", "Chip_ID": "BOL_1177", "Image Source": "PS", "PS_href": "../../../../Bolivia/PS/BOL_1177.tif", "labels_href": "../../../../Bolivia/labels/BOL_1177.tif", "bbox": [ -65.24054384690425, -14.332965119763326, -65.21218979752327, -14.304611070382341 ] }, "geometry": { "type": "Polygon", "coordinates": [ [ [ -65.240543846904245, -14.332965119763326 ], [ -65.240543846904245, -14.304611070382341 ], [ -65.212189797523266, -14.304611070382341 ], [ -65.212189797523266, -14.332965119763326 ], [ -65.240543846904245, -14.332965119763326 ] ] ] } },
{ "type": "Feature", "properties": { "Event": "Bolivia", "Chip_ID": "BOL_1201", "Image Source": "PS", "PS_href": "../../../../Bolivia/PS/BOL_1201.tif", "labels_href": "../../../../Bolivia/labels/BOL_1201.tif", "bbox": [ -65.3256059950472, -14.361319169144311, -65.29725194566622, -14.332965119763326 ] }, "geometry": { "type": "Polygon", "coordinates": [ [ [ -65.325605995047198, -14.361319169144311 ], [ -65.325605995047198, -14.332965119763326 ], [ -65.297251945666218, -14.332965119763326 ], [ -65.297251945666218, -14.361319169144311 ], [ -65.325605995047198, -14.361319169144311 ] ] ] } },
{ "type": "Feature", "properties": { "Event": "Bolivia", "Chip_ID": "BOL_1204", "Image Source": "PS", "PS_href": "../../../../Bolivia/PS/BOL_1204.tif", "labels_href": "../../../../Bolivia/labels/BOL_1204.tif", "bbox": [ -65.24054384690425, -14.361319169144311, -65.21218979752327, -14.332965119763326 ] }, "geometry": { "type": "Polygon", "coordinates": [ [ [ -65.240543846904245, -14.361319169144311 ], [ -65.240543846904245, -14.332965119763326 ], [ -65.212189797523266, -14.332965119763326 ], [ -65.212189797523266, -14.361319169144311 ], [ -65.240543846904245, -14.361319169144311 ] ] ] } },
{ "type": "Feature", "properties": { "Event": "Bolivia", "Chip_ID": "BOL_1229", "Image Source": "PS", "PS_href": "../../../../Bolivia/PS/BOL_1229.tif", "labels_href": "../../../../Bolivia/labels/BOL_1229.tif", "bbox": [ -65.29725194566622, -14.389673218525296, -65.26889789628524, -14.361319169144311 ] }, "geometry": { "type": "Polygon", "coordinates": [ [ [ -65.297251945666218, -14.389673218525296 ], [ -65.297251945666218, -14.361319169144311 ], [ -65.268897896285239, -14.361319169144311 ], [ -65.268897896285239, -14.389673218525296 ], [ -65.297251945666218, -14.389673218525296 ] ] ] } },
{ "type": "Feature", "properties": { "Event": "Bolivia", "Chip_ID": "BOL_1230", "Image Source": "PS", "PS_href": "../../../../Bolivia/PS/BOL_1230.tif", "labels_href": "../../../../Bolivia/labels/BOL_1230.tif", "bbox": [ -65.26889789628524, -14.389673218525296, -65.24054384690426, -14.361319169144311 ] }, "geometry": { "type": "Polygon", "coordinates": [ [ [ -65.268897896285239, -14.389673218525296 ], [ -65.268897896285239, -14.361319169144311 ], [ -65.240543846904259, -14.361319169144311 ], [ -65.240543846904259, -14.389673218525296 ], [ -65.268897896285239, -14.389673218525296 ] ] ] } },
{ "type": "Feature", "properties": { "Event": "Bolivia", "Chip_ID": "BOL_1255", "Image Source": "PS", "PS_href": "../../../../Bolivia/PS/BOL_1255.tif", "labels_href": "../../../../Bolivia/labels/BOL_1255.tif", "bbox": [ -65.3256059950472, -14.41802726790628, -65.29725194566622, -14.389673218525296 ] }, "geometry": { "type": "Polygon", "coordinates": [ [ [ -65.325605995047198, -14.418027267906281 ], [ -65.325605995047198, -14.389673218525296 ], [ -65.297251945666218, -14.389673218525296 ], [ -65.297251945666218, -14.418027267906281 ], [ -65.325605995047198, -14.418027267906281 ] ] ] } },
{ "type": "Feature", "properties": { "Event": "Bolivia", "Chip_ID": "BOL_1256", "Image Source": "PS", "PS_href": "../../../../Bolivia/PS/BOL_1256.tif", "labels_href": "../../../../Bolivia/labels/BOL_1256.tif", "bbox": [ -65.29725194566622, -14.41802726790628, -65.26889789628524, -14.389673218525296 ] }, "geometry": { "type": "Polygon", "coordinates": [ [ [ -65.297251945666218, -14.418027267906281 ], [ -65.297251945666218, -14.389673218525296 ], [ -65.268897896285239, -14.389673218525296 ], [ -65.268897896285239, -14.418027267906281 ], [ -65.297251945666218, -14.418027267906281 ] ] ] } },
{ "type": "Feature", "properties": { "Event": "Bolivia", "Chip_ID": "BOL_1257", "Image Source": "PS", "PS_href": "../../../../Bolivia/PS/BOL_1257.tif", "labels_href": "../../../../Bolivia/labels/BOL_1257.tif", "bbox": [ -65.26889789628524, -14.41802726790628, -65.24054384690426, -14.389673218525296 ] }, "geometry": { "type": "Polygon", "coordinates": [ [ [ -65.268897896285239, -14.418027267906281 ], [ -65.268897896285239, -14.389673218525296 ], [ -65.240543846904259, -14.389673218525296 ], [ -65.240543846904259, -14.418027267906281 ], [ -65.268897896285239, -14.418027267906281 ] ] ] } },
{ "type": "Feature", "properties": { "Event": "Bolivia", "Chip_ID": "BOL_1284", "Image Source": "PS", "PS_href": "../../../../Bolivia/PS/BOL_1284.tif", "labels_href": "../../../../Bolivia/labels/BOL_1284.tif", "bbox": [ -65.26889789628524, -14.446381317287264, -65.24054384690426, -14.418027267906279 ] }, "geometry": { "type": "Polygon", "coordinates": [ [ [ -65.268897896285239, -14.446381317287264 ], [ -65.268897896285239, -14.418027267906279 ], [ -65.240543846904259, -14.418027267906279 ], [ -65.240543846904259, -14.446381317287264 ], [ -65.268897896285239, -14.446381317287264 ] ] ] } },
{ "type": "Feature", "properties": { "Event": "Bolivia", "Chip_ID": "BOL_1285", "Image Source": "PS", "PS_href": "../../../../Bolivia/PS/BOL_1285.tif", "labels_href": "../../../../Bolivia/labels/BOL_1285.tif", "bbox": [ -65.24054384690425, -14.446381317287264, -65.21218979752327, -14.418027267906279 ] }, "geometry": { "type": "Polygon", "coordinates": [ [ [ -65.240543846904245, -14.446381317287264 ], [ -65.240543846904245, -14.418027267906279 ], [ -65.212189797523266, -14.418027267906279 ], [ -65.212189797523266, -14.446381317287264 ], [ -65.240543846904245, -14.446381317287264 ] ] ] } },
{ "type": "Feature", "properties": { "Event": "Bolivia", "Chip_ID": "BOL_1309", "Image Source": "PS", "PS_href": "../../../../Bolivia/PS/BOL_1309.tif", "labels_href": "../../../../Bolivia/labels/BOL_1309.tif", "bbox": [ -65.3256059950472, -14.474735366668249, -65.29725194566622, -14.446381317287264 ] }, "geometry": { "type": "Polygon", "coordinates": [ [ [ -65.325605995047198, -14.474735366668249 ], [ -65.325605995047198, -14.446381317287264 ], [ -65.297251945666218, -14.446381317287264 ], [ -65.297251945666218, -14.474735366668249 ], [ -65.325605995047198, -14.474735366668249 ] ] ] } },
{ "type": "Feature", "properties": { "Event": "Bolivia", "Chip_ID": "BOL_1310", "Image Source": "PS", "PS_href": "../../../../Bolivia/PS/BOL_1310.tif", "labels_href": "../../../../Bolivia/labels/BOL_1310.tif", "bbox": [ -65.29725194566622, -14.474735366668249, -65.26889789628524, -14.446381317287264 ] }, "geometry": { "type": "Polygon", "coordinates": [ [ [ -65.297251945666218, -14.474735366668249 ], [ -65.297251945666218, -14.446381317287264 ], [ -65.268897896285239, -14.446381317287264 ], [ -65.268897896285239, -14.474735366668249 ], [ -65.297251945666218, -14.474735366668249 ] ] ] } },
{ "type": "Feature", "properties": { "Event": "Bolivia", "Chip_ID": "BOL_1311", "Image Source": "PS", "PS_href": "../../../../Bolivia/PS/BOL_1311.tif", "labels_href": "../../../../Bolivia/labels/BOL_1311.tif", "bbox": [ -65.26889789628524, -14.474735366668249, -65.24054384690426, -14.446381317287264 ] }, "geometry": { "type": "Polygon", "coordinates": [ [ [ -65.268897896285239, -14.474735366668249 ], [ -65.268897896285239, -14.446381317287264 ], [ -65.240543846904259, -14.446381317287264 ], [ -65.240543846904259, -14.474735366668249 ], [ -65.268897896285239, -14.474735366668249 ] ] ] } },
{ "type": "Feature", "properties": { "Event": "Bolivia", "Chip_ID": "BOL_1336", "Image Source": "PS", "PS_href": "../../../../Bolivia/PS/BOL_1336.tif", "labels_href": "../../../../Bolivia/labels/BOL_1336.tif", "bbox": [ -65.3256059950472, -14.503089416049233, -65.29725194566622, -14.474735366668249 ] }, "geometry": { "type": "Polygon", "coordinates": [ [ [ -65.325605995047198, -14.503089416049233 ], [ -65.325605995047198, -14.474735366668249 ], [ -65.297251945666218, -14.474735366668249 ], [ -65.297251945666218, -14.503089416049233 ], [ -65.325605995047198, -14.503089416049233 ] ] ] } },
{ "type": "Feature", "properties": { "Event": "Bolivia", "Chip_ID": "BOL_1363", "Image Source": "PS", "PS_href": "../../../../Bolivia/PS/BOL_1363.tif", "labels_href": "../../../../Bolivia/labels/BOL_1363.tif", "bbox": [ -65.3256059950472, -14.531443465430218, -65.29725194566622, -14.503089416049233 ] }, "geometry": { "type": "Polygon", "coordinates": [ [ [ -65.325605995047198, -14.531443465430218 ], [ -65.325605995047198, -14.503089416049233 ], [ -65.297251945666218, -14.503089416049233 ], [ -65.297251945666218, -14.531443465430218 ], [ -65.325605995047198, -14.531443465430218 ] ] ] } },
{ "type": "Feature", "properties": { "Event": "Bolivia", "Chip_ID": "BOL_1364", "Image Source": "PS", "PS_href": "../../../../Bolivia/PS/BOL_1364.tif", "labels_href": "../../../../Bolivia/labels/BOL_1364.tif", "bbox": [ -65.29725194566622, -14.531443465430218, -65.26889789628524, -14.503089416049233 ] }, "geometry": { "type": "Polygon", "coordinates": [ [ [ -65.297251945666218, -14.531443465430218 ], [ -65.297251945666218, -14.503089416049233 ], [ -65.268897896285239, -14.503089416049233 ], [ -65.268897896285239, -14.531443465430218 ], [ -65.297251945666218, -14.531443465430218 ] ] ] } },
{ "type": "Feature", "properties": { "Event": "Bolivia", "Chip_ID": "BOL_1365", "Image Source": "PS", "PS_href": "../../../../Bolivia/PS/BOL_1365.tif", "labels_href": "../../../../Bolivia/labels/BOL_1365.tif", "bbox": [ -65.26889789628524, -14.531443465430218, -65.24054384690426, -14.503089416049233 ] }, "geometry": { "type": "Polygon", "coordinates": [ [ [ -65.268897896285239, -14.531443465430218 ], [ -65.268897896285239, -14.503089416049233 ], [ -65.240543846904259, -14.503089416049233 ], [ -65.240543846904259, -14.531443465430218 ], [ -65.268897896285239, -14.531443465430218 ] ] ] } },
{ "type": "Feature", "properties": { "Event": "Bolivia", "Chip_ID": "BOL_1390", "Image Source": "PS", "PS_href": "../../../../Bolivia/PS/BOL_1390.tif", "labels_href": "../../../../Bolivia/labels/BOL_1390.tif", "bbox": [ -65.3256059950472, -14.559797514811203, -65.29725194566622, -14.531443465430218 ] }, "geometry": { "type": "Polygon", "coordinates": [ [ [ -65.325605995047198, -14.559797514811203 ], [ -65.325605995047198, -14.531443465430218 ], [ -65.297251945666218, -14.531443465430218 ], [ -65.297251945666218, -14.559797514811203 ], [ -65.325605995047198, -14.559797514811203 ] ] ] } },
{ "type": "Feature", "properties": { "Event": "Bolivia", "Chip_ID": "BOL_1391", "Image Source": "PS", "PS_href": "../../../../Bolivia/PS/BOL_1391.tif", "labels_href": "../../../../Bolivia/labels/BOL_1391.tif", "bbox": [ -65.29725194566622, -14.559797514811203, -65.26889789628524, -14.531443465430218 ] }, "geometry": { "type": "Polygon", "coordinates": [ [ [ -65.297251945666218, -14.559797514811203 ], [ -65.297251945666218, -14.531443465430218 ], [ -65.268897896285239, -14.531443465430218 ], [ -65.268897896285239, -14.559797514811203 ], [ -65.297251945666218, -14.559797514811203 ] ] ] } },
{ "type": "Feature", "properties": { "Event": "Bolivia", "Chip_ID": "BOL_1417", "Image Source": "PS", "PS_href": "../../../../Bolivia/PS/BOL_1417.tif", "labels_href": "../../../../Bolivia/labels/BOL_1417.tif", "bbox": [ -65.3256059950472, -14.588151564192188, -65.29725194566622, -14.559797514811203 ] }, "geometry": { "type": "Polygon", "coordinates": [ [ [ -65.325605995047198, -14.588151564192188 ], [ -65.325605995047198, -14.559797514811203 ], [ -65.297251945666218, -14.559797514811203 ], [ -65.297251945666218, -14.588151564192188 ], [ -65.325605995047198, -14.588151564192188 ] ] ] } },
{ "type": "Feature", "properties": { "Event": "Bolivia", "Chip_ID": "BOL_1418", "Image Source": "PS", "PS_href": "../../../../Bolivia/PS/BOL_1418.tif", "labels_href": "../../../../Bolivia/labels/BOL_1418.tif", "bbox": [ -65.29725194566622, -14.588151564192188, -65.26889789628524, -14.559797514811203 ] }, "geometry": { "type": "Polygon", "coordinates": [ [ [ -65.297251945666218, -14.588151564192188 ], [ -65.297251945666218, -14.559797514811203 ], [ -65.268897896285239, -14.559797514811203 ], [ -65.268897896285239, -14.588151564192188 ], [ -65.297251945666218, -14.588151564192188 ] ] ] } },
{ "type": "Feature", "properties": { "Event": "Bolivia", "Chip_ID": "BOL_1523", "Image Source": "PS", "PS_href": "../../../../Bolivia/PS/BOL_1523.tif", "labels_href": "../../../../Bolivia/labels/BOL_1523.tif", "bbox": [ -65.38231409380917, -14.701567761716127, -65.35396004442819, -14.673213712335142 ] }, "geometry": { "type": "Polygon", "coordinates": [ [ [ -65.382314093809171, -14.701567761716127 ], [ -65.382314093809171, -14.673213712335142 ], [ -65.353960044428192, -14.673213712335142 ], [ -65.353960044428192, -14.701567761716127 ], [ -65.382314093809171, -14.701567761716127 ] ] ] } },
{ "type": "Feature", "properties": { "Event": "Bolivia", "Chip_ID": "BOL_1524", "Image Source": "PS", "PS_href": "../../../../Bolivia/PS/BOL_1524.tif", "labels_href": "../../../../Bolivia/labels/BOL_1524.tif", "bbox": [ -65.35396004442819, -14.701567761716127, -65.32560599504721, -14.673213712335142 ] }, "geometry": { "type": "Polygon", "coordinates": [ [ [ -65.353960044428192, -14.701567761716127 ], [ -65.353960044428192, -14.673213712335142 ], [ -65.325605995047212, -14.673213712335142 ], [ -65.325605995047212, -14.701567761716127 ], [ -65.353960044428192, -14.701567761716127 ] ] ] } },
{ "type": "Feature", "properties": { "Event": "Bolivia", "Chip_ID": "BOL_1525", "Image Source": "PS", "PS_href": "../../../../Bolivia/PS/BOL_1525.tif", "labels_href": "../../../../Bolivia/labels/BOL_1525.tif", "bbox": [ -65.3256059950472, -14.701567761716127, -65.29725194566622, -14.673213712335142 ] }, "geometry": { "type": "Polygon", "coordinates": [ [ [ -65.325605995047198, -14.701567761716127 ], [ -65.325605995047198, -14.673213712335142 ], [ -65.297251945666218, -14.673213712335142 ], [ -65.297251945666218, -14.701567761716127 ], [ -65.325605995047198, -14.701567761716127 ] ] ] } },
{ "type": "Feature", "properties": { "Event": "Bolivia", "Chip_ID": "BOL_1551", "Image Source": "PS", "PS_href": "../../../../Bolivia/PS/BOL_1551.tif", "labels_href": "../../../../Bolivia/labels/BOL_1551.tif", "bbox": [ -65.35396004442819, -14.729921811097112, -65.32560599504721, -14.701567761716127 ] }, "geometry": { "type": "Polygon", "coordinates": [ [ [ -65.353960044428192, -14.729921811097112 ], [ -65.353960044428192, -14.701567761716127 ], [ -65.325605995047212, -14.701567761716127 ], [ -65.325605995047212, -14.729921811097112 ], [ -65.353960044428192, -14.729921811097112 ] ] ] } },
{ "type": "Feature", "properties": { "Event": "Bolivia", "Chip_ID": "BOL_1578", "Image Source": "PS", "PS_href": "../../../../Bolivia/PS/BOL_1578.tif", "labels_href": "../../../../Bolivia/labels/BOL_1578.tif", "bbox": [ -65.35396004442819, -14.758275860478095, -65.32560599504721, -14.72992181109711 ] }, "geometry": { "type": "Polygon", "coordinates": [ [ [ -65.353960044428192, -14.758275860478095 ], [ -65.353960044428192, -14.72992181109711 ], [ -65.325605995047212, -14.72992181109711 ], [ -65.325605995047212, -14.758275860478095 ], [ -65.353960044428192, -14.758275860478095 ] ] ] } },
{ "type": "Feature", "properties": { "Event": "Bolivia", "Chip_ID": "BOL_1579", "Image Source": "PS", "PS_href": "../../../../Bolivia/PS/BOL_1579.tif", "labels_href": "../../../../Bolivia/labels/BOL_1579.tif", "bbox": [ -65.3256059950472, -14.758275860478095, -65.29725194566622, -14.72992181109711 ] }, "geometry": { "type": "Polygon", "coordinates": [ [ [ -65.325605995047198, -14.758275860478095 ], [ -65.325605995047198, -14.72992181109711 ], [ -65.297251945666218, -14.72992181109711 ], [ -65.297251945666218, -14.758275860478095 ], [ -65.325605995047198, -14.758275860478095 ] ] ] } },
{ "type": "Feature", "properties": { "Event": "Bolivia", "Chip_ID": "BOL_1604", "Image Source": "PS", "PS_href": "../../../../Bolivia/PS/BOL_1604.tif", "labels_href": "../../../../Bolivia/labels/BOL_1604.tif", "bbox": [ -65.38231409380917, -14.78662990985908, -65.35396004442819, -14.758275860478095 ] }, "geometry": { "type": "Polygon", "coordinates": [ [ [ -65.382314093809171, -14.78662990985908 ], [ -65.382314093809171, -14.758275860478095 ], [ -65.353960044428192, -14.758275860478095 ], [ -65.353960044428192, -14.78662990985908 ], [ -65.382314093809171, -14.78662990985908 ] ] ] } },
{ "type": "Feature", "properties": { "Event": "Bolivia", "Chip_ID": "BOL_1605", "Image Source": "PS", "PS_href": "../../../../Bolivia/PS/BOL_1605.tif", "labels_href": "../../../../Bolivia/labels/BOL_1605.tif", "bbox": [ -65.35396004442819, -14.78662990985908, -65.32560599504721, -14.758275860478095 ] }, "geometry": { "type": "Polygon", "coordinates": [ [ [ -65.353960044428192, -14.78662990985908 ], [ -65.353960044428192, -14.758275860478095 ], [ -65.325605995047212, -14.758275860478095 ], [ -65.325605995047212, -14.78662990985908 ], [ -65.353960044428192, -14.78662990985908 ] ] ] } },
{ "type": "Feature", "properties": { "Event": "Bolivia", "Chip_ID": "BOL_1606", "Image Source": "PS", "PS_href": "../../../../Bolivia/PS/BOL_1606.tif", "labels_href": "../../../../Bolivia/labels/BOL_1606.tif", "bbox": [ -65.3256059950472, -14.78662990985908, -65.29725194566622, -14.758275860478095 ] }, "geometry": { "type": "Polygon", "coordinates": [ [ [ -65.325605995047198, -14.78662990985908 ], [ -65.325605995047198, -14.758275860478095 ], [ -65.297251945666218, -14.758275860478095 ], [ -65.297251945666218, -14.78662990985908 ], [ -65.325605995047198, -14.78662990985908 ] ] ] } },
{ "type": "Feature", "properties": { "Event": "Bolivia", "Chip_ID": "BOL_1633", "Image Source": "PS", "PS_href": "../../../../Bolivia/PS/BOL_1633.tif", "labels_href": "../../../../Bolivia/labels/BOL_1633.tif", "bbox": [ -65.3256059950472, -14.814983959240065, -65.29725194566622, -14.78662990985908 ] }, "geometry": { "type": "Polygon", "coordinates": [ [ [ -65.325605995047198, -14.814983959240065 ], [ -65.325605995047198, -14.78662990985908 ], [ -65.297251945666218, -14.78662990985908 ], [ -65.297251945666218, -14.814983959240065 ], [ -65.325605995047198, -14.814983959240065 ] ] ] } },
{ "type": "Feature", "properties": { "Event": "Bolivia", "Chip_ID": "BOL_1660", "Image Source": "PS", "PS_href": "../../../../Bolivia/PS/BOL_1660.tif", "labels_href": "../../../../Bolivia/labels/BOL_1660.tif", "bbox": [ -65.3256059950472, -14.84333800862105, -65.29725194566622, -14.814983959240065 ] }, "geometry": { "type": "Polygon", "coordinates": [ [ [ -65.325605995047198, -14.84333800862105 ], [ -65.325605995047198, -14.814983959240065 ], [ -65.297251945666218, -14.814983959240065 ], [ -65.297251945666218, -14.84333800862105 ], [ -65.325605995047198, -14.84333800862105 ] ] ] } },
{ "type": "Feature", "properties": { "Event": "Bolivia", "Chip_ID": "BOL_1687", "Image Source": "PS", "PS_href": "../../../../Bolivia/PS/BOL_1687.tif", "labels_href": "../../../../Bolivia/labels/BOL_1687.tif", "bbox": [ -65.3256059950472, -14.871692058002035, -65.29725194566622, -14.84333800862105 ] }, "geometry": { "type": "Polygon", "coordinates": [ [ [ -65.325605995047198, -14.871692058002035 ], [ -65.325605995047198, -14.84333800862105 ], [ -65.297251945666218, -14.84333800862105 ], [ -65.297251945666218, -14.871692058002035 ], [ -65.325605995047198, -14.871692058002035 ] ] ] } },
{ "type": "Feature", "properties": { "Event": "Bolivia", "Chip_ID": "BOL_1738", "Image Source": "PS", "PS_href": "../../../../Bolivia/PS/BOL_1738.tif", "labels_href": "../../../../Bolivia/labels/BOL_1738.tif", "bbox": [ -65.41066814319015, -14.928400156764004, -65.38231409380917, -14.90004610738302 ] }, "geometry": { "type": "Polygon", "coordinates": [ [ [ -65.410668143190151, -14.928400156764004 ], [ -65.410668143190151, -14.900046107383019 ], [ -65.382314093809171, -14.900046107383019 ], [ -65.382314093809171, -14.928400156764004 ], [ -65.410668143190151, -14.928400156764004 ] ] ] } },
{ "type": "Feature", "properties": { "Event": "Bolivia", "Chip_ID": "BOL_1739", "Image Source": "PS", "PS_href": "../../../../Bolivia/PS/BOL_1739.tif", "labels_href": "../../../../Bolivia/labels/BOL_1739.tif", "bbox": [ -65.38231409380917, -14.928400156764004, -65.35396004442819, -14.90004610738302 ] }, "geometry": { "type": "Polygon", "coordinates": [ [ [ -65.382314093809171, -14.928400156764004 ], [ -65.382314093809171, -14.900046107383019 ], [ -65.353960044428192, -14.900046107383019 ], [ -65.353960044428192, -14.928400156764004 ], [ -65.382314093809171, -14.928400156764004 ] ] ] } },
{ "type": "Feature", "properties": { "Event": "Bolivia", "Chip_ID": "BOL_1740", "Image Source": "PS", "PS_href": "../../../../Bolivia/PS/BOL_1740.tif", "labels_href": "../../../../Bolivia/labels/BOL_1740.tif", "bbox": [ -65.35396004442819, -14.928400156764004, -65.32560599504721, -14.90004610738302 ] }, "geometry": { "type": "Polygon", "coordinates": [ [ [ -65.353960044428192, -14.928400156764004 ], [ -65.353960044428192, -14.900046107383019 ], [ -65.325605995047212, -14.900046107383019 ], [ -65.325605995047212, -14.928400156764004 ], [ -65.353960044428192, -14.928400156764004 ] ] ] } },
{ "type": "Feature", "properties": { "Event": "Bolivia", "Chip_ID": "BOL_1765", "Image Source": "PS", "PS_href": "../../../../Bolivia/PS/BOL_1765.tif", "labels_href": "../../../../Bolivia/labels/BOL_1765.tif", "bbox": [ -65.41066814319015, -14.95675420614499, -65.38231409380917, -14.928400156764004 ] }, "geometry": { "type": "Polygon", "coordinates": [ [ [ -65.410668143190151, -14.956754206144989 ], [ -65.410668143190151, -14.928400156764004 ], [ -65.382314093809171, -14.928400156764004 ], [ -65.382314093809171, -14.956754206144989 ], [ -65.410668143190151, -14.956754206144989 ] ] ] } },
{ "type": "Feature", "properties": { "Event": "Bolivia", "Chip_ID": "BOL_1817", "Image Source": "PS", "PS_href": "../../../../Bolivia/PS/BOL_1817.tif", "labels_href": "../../../../Bolivia/labels/BOL_1817.tif", "bbox": [ -65.46737624195212, -15.013462304906959, -65.43902219257114, -14.985108255525974 ] }, "geometry": { "type": "Polygon", "coordinates": [ [ [ -65.467376241952124, -15.013462304906959 ], [ -65.467376241952124, -14.985108255525974 ], [ -65.439022192571144, -14.985108255525974 ], [ -65.439022192571144, -15.013462304906959 ], [ -65.467376241952124, -15.013462304906959 ] ] ] } },
{ "type": "Feature", "properties": { "Event": "Bolivia", "Chip_ID": "BOL_1818", "Image Source": "PS", "PS_href": "../../../../Bolivia/PS/BOL_1818.tif", "labels_href": "../../../../Bolivia/labels/BOL_1818.tif", "bbox": [ -65.43902219257114, -15.013462304906959, -65.41066814319016, -14.985108255525974 ] }, "geometry": { "type": "Polygon", "coordinates": [ [ [ -65.439022192571144, -15.013462304906959 ], [ -65.439022192571144, -14.985108255525974 ], [ -65.410668143190165, -14.985108255525974 ], [ -65.410668143190165, -15.013462304906959 ], [ -65.439022192571144, -15.013462304906959 ] ] ] } },
{ "type": "Feature", "properties": { "Event": "Bolivia", "Chip_ID": "BOL_1819", "Image Source": "PS", "PS_href": "../../../../Bolivia/PS/BOL_1819.tif", "labels_href": "../../../../Bolivia/labels/BOL_1819.tif", "bbox": [ -65.41066814319015, -15.013462304906959, -65.38231409380917, -14.985108255525974 ] }, "geometry": { "type": "Polygon", "coordinates": [ [ [ -65.410668143190151, -15.013462304906959 ], [ -65.410668143190151, -14.985108255525974 ], [ -65.382314093809171, -14.985108255525974 ], [ -65.382314093809171, -15.013462304906959 ], [ -65.410668143190151, -15.013462304906959 ] ] ] } },
{ "type": "Feature", "properties": { "Event": "Bolivia", "Chip_ID": "BOL_1820", "Image Source": "PS", "PS_href": "../../../../Bolivia/PS/BOL_1820.tif", "labels_href": "../../../../Bolivia/labels/BOL_1820.tif", "bbox": [ -65.38231409380917, -15.013462304906959, -65.35396004442819, -14.985108255525974 ] }, "geometry": { "type": "Polygon", "coordinates": [ [ [ -65.382314093809171, -15.013462304906959 ], [ -65.382314093809171, -14.985108255525974 ], [ -65.353960044428192, -14.985108255525974 ], [ -65.353960044428192, -15.013462304906959 ], [ -65.382314093809171, -15.013462304906959 ] ] ] } },
{ "type": "Feature", "properties": { "Event": "Bolivia", "Chip_ID": "BOL_1844", "Image Source": "PS", "PS_href": "../../../../Bolivia/PS/BOL_1844.tif", "labels_href": "../../../../Bolivia/labels/BOL_1844.tif", "bbox": [ -65.46737624195212, -15.041816354287944, -65.43902219257114, -15.013462304906959 ] }, "geometry": { "type": "Polygon", "coordinates": [ [ [ -65.467376241952124, -15.041816354287944 ], [ -65.467376241952124, -15.013462304906959 ], [ -65.439022192571144, -15.013462304906959 ], [ -65.439022192571144, -15.041816354287944 ], [ -65.467376241952124, -15.041816354287944 ] ] ] } },
{ "type": "Feature", "properties": { "Event": "Bolivia", "Chip_ID": "BOL_347", "Image Source": "PS", "PS_href": "../../../../Bolivia/PS/BOL_347.tif", "labels_href": "../../../../Bolivia/labels/BOL_347.tif", "bbox": [ -65.04206550123736, -13.453989588952801, -65.01371145185638, -13.425635539571816 ] }, "geometry": { "type": "Polygon", "coordinates": [ [ [ -65.04206550123736, -13.453989588952801 ], [ -65.04206550123736, -13.425635539571816 ], [ -65.013711451856381, -13.425635539571816 ], [ -65.013711451856381, -13.453989588952801 ], [ -65.04206550123736, -13.453989588952801 ] ] ] } },
{ "type": "Feature", "properties": { "Event": "Bolivia", "Chip_ID": "BOL_372", "Image Source": "PS", "PS_href": "../../../../Bolivia/PS/BOL_372.tif", "labels_href": "../../../../Bolivia/labels/BOL_372.tif", "bbox": [ -65.09877359999932, -13.482343638333786, -65.07041955061834, -13.453989588952801 ] }, "geometry": { "type": "Polygon", "coordinates": [ [ [ -65.098773599999319, -13.482343638333786 ], [ -65.098773599999319, -13.453989588952801 ], [ -65.07041955061834, -13.453989588952801 ], [ -65.07041955061834, -13.482343638333786 ], [ -65.098773599999319, -13.482343638333786 ] ] ] } },
{ "type": "Feature", "properties": { "Event": "Bolivia", "Chip_ID": "BOL_426", "Image Source": "PS", "PS_href": "../../../../Bolivia/PS/BOL_426.tif", "labels_href": "../../../../Bolivia/labels/BOL_426.tif", "bbox": [ -65.09877359999932, -13.539051737095756, -65.07041955061834, -13.51069768771477 ] }, "geometry": { "type": "Polygon", "coordinates": [ [ [ -65.098773599999319, -13.539051737095756 ], [ -65.098773599999319, -13.510697687714771 ], [ -65.07041955061834, -13.510697687714771 ], [ -65.07041955061834, -13.539051737095756 ], [ -65.098773599999319, -13.539051737095756 ] ] ] } },
{ "type": "Feature", "properties": { "Event": "Bolivia", "Chip_ID": "BOL_427", "Image Source": "PS", "PS_href": "../../../../Bolivia/PS/BOL_427.tif", "labels_href": "../../../../Bolivia/labels/BOL_427.tif", "bbox": [ -65.07041955061834, -13.539051737095756, -65.04206550123736, -13.51069768771477 ] }, "geometry": { "type": "Polygon", "coordinates": [ [ [ -65.07041955061834, -13.539051737095756 ], [ -65.07041955061834, -13.510697687714771 ], [ -65.04206550123736, -13.510697687714771 ], [ -65.04206550123736, -13.539051737095756 ], [ -65.07041955061834, -13.539051737095756 ] ] ] } },
{ "type": "Feature", "properties": { "Event": "Bolivia", "Chip_ID": "BOL_453", "Image Source": "PS", "PS_href": "../../../../Bolivia/PS/BOL_453.tif", "labels_href": "../../../../Bolivia/labels/BOL_453.tif", "bbox": [ -65.09877359999932, -13.567405786476739, -65.07041955061834, -13.539051737095754 ] }, "geometry": { "type": "Polygon", "coordinates": [ [ [ -65.098773599999319, -13.567405786476739 ], [ -65.098773599999319, -13.539051737095754 ], [ -65.07041955061834, -13.539051737095754 ], [ -65.07041955061834, -13.567405786476739 ], [ -65.098773599999319, -13.567405786476739 ] ] ] } },
{ "type": "Feature", "properties": { "Event": "Bolivia", "Chip_ID": "BOL_454", "Image Source": "PS", "PS_href": "../../../../Bolivia/PS/BOL_454.tif", "labels_href": "../../../../Bolivia/labels/BOL_454.tif", "bbox": [ -65.07041955061834, -13.567405786476739, -65.04206550123736, -13.539051737095754 ] }, "geometry": { "type": "Polygon", "coordinates": [ [ [ -65.07041955061834, -13.567405786476739 ], [ -65.07041955061834, -13.539051737095754 ], [ -65.04206550123736, -13.539051737095754 ], [ -65.04206550123736, -13.567405786476739 ], [ -65.07041955061834, -13.567405786476739 ] ] ] } },
{ "type": "Feature", "properties": { "Event": "Bolivia", "Chip_ID": "BOL_480", "Image Source": "PS", "PS_href": "../../../../Bolivia/PS/BOL_480.tif", "labels_href": "../../../../Bolivia/labels/BOL_480.tif", "bbox": [ -65.09877359999932, -13.595759835857724, -65.07041955061834, -13.567405786476739 ] }, "geometry": { "type": "Polygon", "coordinates": [ [ [ -65.098773599999319, -13.595759835857724 ], [ -65.098773599999319, -13.567405786476739 ], [ -65.07041955061834, -13.567405786476739 ], [ -65.07041955061834, -13.595759835857724 ], [ -65.098773599999319, -13.595759835857724 ] ] ] } },
{ "type": "Feature", "properties": { "Event": "Bolivia", "Chip_ID": "BOL_481", "Image Source": "PS", "PS_href": "../../../../Bolivia/PS/BOL_481.tif", "labels_href": "../../../../Bolivia/labels/BOL_481.tif", "bbox": [ -65.07041955061834, -13.595759835857724, -65.04206550123736, -13.567405786476739 ] }, "geometry": { "type": "Polygon", "coordinates": [ [ [ -65.07041955061834, -13.595759835857724 ], [ -65.07041955061834, -13.567405786476739 ], [ -65.04206550123736, -13.567405786476739 ], [ -65.04206550123736, -13.595759835857724 ], [ -65.07041955061834, -13.595759835857724 ] ] ] } },
{ "type": "Feature", "properties": { "Event": "Bolivia", "Chip_ID": "BOL_507", "Image Source": "PS", "PS_href": "../../../../Bolivia/PS/BOL_507.tif", "labels_href": "../../../../Bolivia/labels/BOL_507.tif", "bbox": [ -65.09877359999932, -13.624113885238708, -65.07041955061834, -13.595759835857724 ] }, "geometry": { "type": "Polygon", "coordinates": [ [ [ -65.098773599999319, -13.624113885238708 ], [ -65.098773599999319, -13.595759835857724 ], [ -65.07041955061834, -13.595759835857724 ], [ -65.07041955061834, -13.624113885238708 ], [ -65.098773599999319, -13.624113885238708 ] ] ] } },
{ "type": "Feature", "properties": { "Event": "Bolivia", "Chip_ID": "BOL_534", "Image Source": "PS", "PS_href": "../../../../Bolivia/PS/BOL_534.tif", "labels_href": "../../../../Bolivia/labels/BOL_534.tif", "bbox": [ -65.09877359999932, -13.652467934619693, -65.07041955061834, -13.624113885238708 ] }, "geometry": { "type": "Polygon", "coordinates": [ [ [ -65.098773599999319, -13.652467934619693 ], [ -65.098773599999319, -13.624113885238708 ], [ -65.07041955061834, -13.624113885238708 ], [ -65.07041955061834, -13.652467934619693 ], [ -65.098773599999319, -13.652467934619693 ] ] ] } },
{ "type": "Feature", "properties": { "Event": "Bolivia", "Chip_ID": "BOL_561", "Image Source": "PS", "PS_href": "../../../../Bolivia/PS/BOL_561.tif", "labels_href": "../../../../Bolivia/labels/BOL_561.tif", "bbox": [ -65.09877359999932, -13.680821984000678, -65.07041955061834, -13.652467934619693 ] }, "geometry": { "type": "Polygon", "coordinates": [ [ [ -65.098773599999319, -13.680821984000678 ], [ -65.098773599999319, -13.652467934619693 ], [ -65.07041955061834, -13.652467934619693 ], [ -65.07041955061834, -13.680821984000678 ], [ -65.098773599999319, -13.680821984000678 ] ] ] } },
{ "type": "Feature", "properties": { "Event": "Bolivia", "Chip_ID": "BOL_586", "Image Source": "PS", "PS_href": "../../../../Bolivia/PS/BOL_586.tif", "labels_href": "../../../../Bolivia/labels/BOL_586.tif", "bbox": [ -65.15548169876129, -13.709176033381663, -65.12712764938031, -13.680821984000678 ] }, "geometry": { "type": "Polygon", "coordinates": [ [ [ -65.155481698761292, -13.709176033381663 ], [ -65.155481698761292, -13.680821984000678 ], [ -65.127127649380313, -13.680821984000678 ], [ -65.127127649380313, -13.709176033381663 ], [ -65.155481698761292, -13.709176033381663 ] ] ] } },
{ "type": "Feature", "properties": { "Event": "Bolivia", "Chip_ID": "BOL_587", "Image Source": "PS", "PS_href": "../../../../Bolivia/PS/BOL_587.tif", "labels_href": "../../../../Bolivia/labels/BOL_587.tif", "bbox": [ -65.12712764938031, -13.709176033381663, -65.09877359999933, -13.680821984000678 ] }, "geometry": { "type": "Polygon", "coordinates": [ [ [ -65.127127649380313, -13.709176033381663 ], [ -65.127127649380313, -13.680821984000678 ], [ -65.098773599999333, -13.680821984000678 ], [ -65.098773599999333, -13.709176033381663 ], [ -65.127127649380313, -13.709176033381663 ] ] ] } },
{ "type": "Feature", "properties": { "Event": "Bolivia", "Chip_ID": "BOL_588", "Image Source": "PS", "PS_href": "../../../../Bolivia/PS/BOL_588.tif", "labels_href": "../../../../Bolivia/labels/BOL_588.tif", "bbox": [ -65.09877359999932, -13.709176033381663, -65.07041955061834, -13.680821984000678 ] }, "geometry": { "type": "Polygon", "coordinates": [ [ [ -65.098773599999319, -13.709176033381663 ], [ -65.098773599999319, -13.680821984000678 ], [ -65.07041955061834, -13.680821984000678 ], [ -65.07041955061834, -13.709176033381663 ], [ -65.098773599999319, -13.709176033381663 ] ] ] } },
{ "type": "Feature", "properties": { "Event": "Bolivia", "Chip_ID": "BOL_640", "Image Source": "PS", "PS_href": "../../../../Bolivia/PS/BOL_640.tif", "labels_href": "../../../../Bolivia/labels/BOL_640.tif", "bbox": [ -65.15548169876129, -13.765884132143633, -65.12712764938031, -13.737530082762648 ] }, "geometry": { "type": "Polygon", "coordinates": [ [ [ -65.155481698761292, -13.765884132143633 ], [ -65.155481698761292, -13.737530082762648 ], [ -65.127127649380313, -13.737530082762648 ], [ -65.127127649380313, -13.765884132143633 ], [ -65.155481698761292, -13.765884132143633 ] ] ] } },
{ "type": "Feature", "properties": { "Event": "Bolivia", "Chip_ID": "BOL_641", "Image Source": "PS", "PS_href": "../../../../Bolivia/PS/BOL_641.tif", "labels_href": "../../../../Bolivia/labels/BOL_641.tif", "bbox": [ -65.12712764938031, -13.765884132143633, -65.09877359999933, -13.737530082762648 ] }, "geometry": { "type": "Polygon", "coordinates": [ [ [ -65.127127649380313, -13.765884132143633 ], [ -65.127127649380313, -13.737530082762648 ], [ -65.098773599999333, -13.737530082762648 ], [ -65.098773599999333, -13.765884132143633 ], [ -65.127127649380313, -13.765884132143633 ] ] ] } },
{ "type": "Feature", "properties": { "Event": "Bolivia", "Chip_ID": "BOL_667", "Image Source": "PS", "PS_href": "../../../../Bolivia/PS/BOL_667.tif", "labels_href": "../../../../Bolivia/labels/BOL_667.tif", "bbox": [ -65.15548169876129, -13.794238181524618, -65.12712764938031, -13.765884132143633 ] }, "geometry": { "type": "Polygon", "coordinates": [ [ [ -65.155481698761292, -13.794238181524618 ], [ -65.155481698761292, -13.765884132143633 ], [ -65.127127649380313, -13.765884132143633 ], [ -65.127127649380313, -13.794238181524618 ], [ -65.155481698761292, -13.794238181524618 ] ] ] } },
{ "type": "Feature", "properties": { "Event": "Bolivia", "Chip_ID": "BOL_668", "Image Source": "PS", "PS_href": "../../../../Bolivia/PS/BOL_668.tif", "labels_href": "../../../../Bolivia/labels/BOL_668.tif", "bbox": [ -65.12712764938031, -13.794238181524618, -65.09877359999933, -13.765884132143633 ] }, "geometry": { "type": "Polygon", "coordinates": [ [ [ -65.127127649380313, -13.794238181524618 ], [ -65.127127649380313, -13.765884132143633 ], [ -65.098773599999333, -13.765884132143633 ], [ -65.098773599999333, -13.794238181524618 ], [ -65.127127649380313, -13.794238181524618 ] ] ] } },
{ "type": "Feature", "properties": { "Event": "Bolivia", "Chip_ID": "BOL_693", "Image Source": "PS", "PS_href": "../../../../Bolivia/PS/BOL_693.tif", "labels_href": "../../../../Bolivia/labels/BOL_693.tif", "bbox": [ -65.18383574814227, -13.822592230905602, -65.15548169876129, -13.794238181524618 ] }, "geometry": { "type": "Polygon", "coordinates": [ [ [ -65.183835748142272, -13.822592230905602 ], [ -65.183835748142272, -13.794238181524618 ], [ -65.155481698761292, -13.794238181524618 ], [ -65.155481698761292, -13.822592230905602 ], [ -65.183835748142272, -13.822592230905602 ] ] ] } },
{ "type": "Feature", "properties": { "Event": "Bolivia", "Chip_ID": "BOL_694", "Image Source": "PS", "PS_href": "../../../../Bolivia/PS/BOL_694.tif", "labels_href": "../../../../Bolivia/labels/BOL_694.tif", "bbox": [ -65.15548169876129, -13.822592230905602, -65.12712764938031, -13.794238181524618 ] }, "geometry": { "type": "Polygon", "coordinates": [ [ [ -65.155481698761292, -13.822592230905602 ], [ -65.155481698761292, -13.794238181524618 ], [ -65.127127649380313, -13.794238181524618 ], [ -65.127127649380313, -13.822592230905602 ], [ -65.155481698761292, -13.822592230905602 ] ] ] } },
{ "type": "Feature", "properties": { "Event": "Bolivia", "Chip_ID": "BOL_695", "Image Source": "PS", "PS_href": "../../../../Bolivia/PS/BOL_695.tif", "labels_href": "../../../../Bolivia/labels/BOL_695.tif", "bbox": [ -65.12712764938031, -13.822592230905602, -65.09877359999933, -13.794238181524618 ] }, "geometry": { "type": "Polygon", "coordinates": [ [ [ -65.127127649380313, -13.822592230905602 ], [ -65.127127649380313, -13.794238181524618 ], [ -65.098773599999333, -13.794238181524618 ], [ -65.098773599999333, -13.822592230905602 ], [ -65.127127649380313, -13.822592230905602 ] ] ] } },
{ "type": "Feature", "properties": { "Event": "Bolivia", "Chip_ID": "BOL_720", "Image Source": "PS", "PS_href": "../../../../Bolivia/PS/BOL_720.tif", "labels_href": "../../../../Bolivia/labels/BOL_720.tif", "bbox": [ -65.18383574814227, -13.850946280286587, -65.15548169876129, -13.822592230905602 ] }, "geometry": { "type": "Polygon", "coordinates": [ [ [ -65.183835748142272, -13.850946280286587 ], [ -65.183835748142272, -13.822592230905602 ], [ -65.155481698761292, -13.822592230905602 ], [ -65.155481698761292, -13.850946280286587 ], [ -65.183835748142272, -13.850946280286587 ] ] ] } },
{ "type": "Feature", "properties": { "Event": "Bolivia", "Chip_ID": "BOL_721", "Image Source": "PS", "PS_href": "../../../../Bolivia/PS/BOL_721.tif", "labels_href": "../../../../Bolivia/labels/BOL_721.tif", "bbox": [ -65.15548169876129, -13.850946280286587, -65.12712764938031, -13.822592230905602 ] }, "geometry": { "type": "Polygon", "coordinates": [ [ [ -65.155481698761292, -13.850946280286587 ], [ -65.155481698761292, -13.822592230905602 ], [ -65.127127649380313, -13.822592230905602 ], [ -65.127127649380313, -13.850946280286587 ], [ -65.155481698761292, -13.850946280286587 ] ] ] } },
{ "type": "Feature", "properties": { "Event": "Bolivia", "Chip_ID": "BOL_722", "Image Source": "PS", "PS_href": "../../../../Bolivia/PS/BOL_722.tif", "labels_href": "../../../../Bolivia/labels/BOL_722.tif", "bbox": [ -65.12712764938031, -13.850946280286587, -65.09877359999933, -13.822592230905602 ] }, "geometry": { "type": "Polygon", "coordinates": [ [ [ -65.127127649380313, -13.850946280286587 ], [ -65.127127649380313, -13.822592230905602 ], [ -65.098773599999333, -13.822592230905602 ], [ -65.098773599999333, -13.850946280286587 ], [ -65.127127649380313, -13.850946280286587 ] ] ] } },
{ "type": "Feature", "properties": { "Event": "Bolivia", "Chip_ID": "BOL_747", "Image Source": "PS", "PS_href": "../../../../Bolivia/PS/BOL_747.tif", "labels_href": "../../../../Bolivia/labels/BOL_747.tif", "bbox": [ -65.18383574814227, -13.87930032966757, -65.15548169876129, -13.850946280286585 ] }, "geometry": { "type": "Polygon", "coordinates": [ [ [ -65.183835748142272, -13.87930032966757 ], [ -65.183835748142272, -13.850946280286585 ], [ -65.155481698761292, -13.850946280286585 ], [ -65.155481698761292, -13.87930032966757 ], [ -65.183835748142272, -13.87930032966757 ] ] ] } },
{ "type": "Feature", "properties": { "Event": "Bolivia", "Chip_ID": "BOL_748", "Image Source": "PS", "PS_href": "../../../../Bolivia/PS/BOL_748.tif", "labels_href": "../../../../Bolivia/labels/BOL_748.tif", "bbox": [ -65.15548169876129, -13.87930032966757, -65.12712764938031, -13.850946280286585 ] }, "geometry": { "type": "Polygon", "coordinates": [ [ [ -65.155481698761292, -13.87930032966757 ], [ -65.155481698761292, -13.850946280286585 ], [ -65.127127649380313, -13.850946280286585 ], [ -65.127127649380313, -13.87930032966757 ], [ -65.155481698761292, -13.87930032966757 ] ] ] } },
{ "type": "Feature", "properties": { "Event": "Bolivia", "Chip_ID": "BOL_774", "Image Source": "PS", "PS_href": "../../../../Bolivia/PS/BOL_774.tif", "labels_href": "../../../../Bolivia/labels/BOL_774.tif", "bbox": [ -65.18383574814227, -13.907654379048555, -65.15548169876129, -13.87930032966757 ] }, "geometry": { "type": "Polygon", "coordinates": [ [ [ -65.183835748142272, -13.907654379048555 ], [ -65.183835748142272, -13.87930032966757 ], [ -65.155481698761292, -13.87930032966757 ], [ -65.155481698761292, -13.907654379048555 ], [ -65.183835748142272, -13.907654379048555 ] ] ] } },
{ "type": "Feature", "properties": { "Event": "Bolivia", "Chip_ID": "BOL_775", "Image Source": "PS", "PS_href": "../../../../Bolivia/PS/BOL_775.tif", "labels_href": "../../../../Bolivia/labels/BOL_775.tif", "bbox": [ -65.15548169876129, -13.907654379048555, -65.12712764938031, -13.87930032966757 ] }, "geometry": { "type": "Polygon", "coordinates": [ [ [ -65.155481698761292, -13.907654379048555 ], [ -65.155481698761292, -13.87930032966757 ], [ -65.127127649380313, -13.87930032966757 ], [ -65.127127649380313, -13.907654379048555 ], [ -65.155481698761292, -13.907654379048555 ] ] ] } },
{ "type": "Feature", "properties": { "Event": "Bolivia", "Chip_ID": "BOL_801", "Image Source": "PS", "PS_href": "../../../../Bolivia/PS/BOL_801.tif", "labels_href": "../../../../Bolivia/labels/BOL_801.tif", "bbox": [ -65.18383574814227, -13.93600842842954, -65.15548169876129, -13.907654379048555 ] }, "geometry": { "type": "Polygon", "coordinates": [ [ [ -65.183835748142272, -13.93600842842954 ], [ -65.183835748142272, -13.907654379048555 ], [ -65.155481698761292, -13.907654379048555 ], [ -65.155481698761292, -13.93600842842954 ], [ -65.183835748142272, -13.93600842842954 ] ] ] } },
{ "type": "Feature", "properties": { "Event": "Bolivia", "Chip_ID": "BOL_802", "Image Source": "PS", "PS_href": "../../../../Bolivia/PS/BOL_802.tif", "labels_href": "../../../../Bolivia/labels/BOL_802.tif", "bbox": [ -65.15548169876129, -13.93600842842954, -65.12712764938031, -13.907654379048555 ] }, "geometry": { "type": "Polygon", "coordinates": [ [ [ -65.155481698761292, -13.93600842842954 ], [ -65.155481698761292, -13.907654379048555 ], [ -65.127127649380313, -13.907654379048555 ], [ -65.127127649380313, -13.93600842842954 ], [ -65.155481698761292, -13.93600842842954 ] ] ] } },
{ "type": "Feature", "properties": { "Event": "Bolivia", "Chip_ID": "BOL_828", "Image Source": "PS", "PS_href": "../../../../Bolivia/PS/BOL_828.tif", "labels_href": "../../../../Bolivia/labels/BOL_828.tif", "bbox": [ -65.18383574814227, -13.964362477810525, -65.15548169876129, -13.93600842842954 ] }, "geometry": { "type": "Polygon", "coordinates": [ [ [ -65.183835748142272, -13.964362477810525 ], [ -65.183835748142272, -13.93600842842954 ], [ -65.155481698761292, -13.93600842842954 ], [ -65.155481698761292, -13.964362477810525 ], [ -65.183835748142272, -13.964362477810525 ] ] ] } },
{ "type": "Feature", "properties": { "Event": "Bolivia", "Chip_ID": "BOL_829", "Image Source": "PS", "PS_href": "../../../../Bolivia/PS/BOL_829.tif", "labels_href": "../../../../Bolivia/labels/BOL_829.tif", "bbox": [ -65.15548169876129, -13.964362477810525, -65.12712764938031, -13.93600842842954 ] }, "geometry": { "type": "Polygon", "coordinates": [ [ [ -65.155481698761292, -13.964362477810525 ], [ -65.155481698761292, -13.93600842842954 ], [ -65.127127649380313, -13.93600842842954 ], [ -65.127127649380313, -13.964362477810525 ], [ -65.155481698761292, -13.964362477810525 ] ] ] } },
{ "type": "Feature", "properties": { "Event": "Bolivia", "Chip_ID": "BOL_853", "Image Source": "PS", "PS_href": "../../../../Bolivia/PS/BOL_853.tif", "labels_href": "../../../../Bolivia/labels/BOL_853.tif", "bbox": [ -65.24054384690425, -13.99271652719151, -65.21218979752327, -13.964362477810525 ] }, "geometry": { "type": "Polygon", "coordinates": [ [ [ -65.240543846904245, -13.99271652719151 ], [ -65.240543846904245, -13.964362477810525 ], [ -65.212189797523266, -13.964362477810525 ], [ -65.212189797523266, -13.99271652719151 ], [ -65.240543846904245, -13.99271652719151 ] ] ] } },
{ "type": "Feature", "properties": { "Event": "Bolivia", "Chip_ID": "BOL_854", "Image Source": "PS", "PS_href": "../../../../Bolivia/PS/BOL_854.tif", "labels_href": "../../../../Bolivia/labels/BOL_854.tif", "bbox": [ -65.21218979752327, -13.99271652719151, -65.18383574814229, -13.964362477810525 ] }, "geometry": { "type": "Polygon", "coordinates": [ [ [ -65.212189797523266, -13.99271652719151 ], [ -65.212189797523266, -13.964362477810525 ], [ -65.183835748142286, -13.964362477810525 ], [ -65.183835748142286, -13.99271652719151 ], [ -65.212189797523266, -13.99271652719151 ] ] ] } },
{ "type": "Feature", "properties": { "Event": "Bolivia", "Chip_ID": "BOL_855", "Image Source": "PS", "PS_href": "../../../../Bolivia/PS/BOL_855.tif", "labels_href": "../../../../Bolivia/labels/BOL_855.tif", "bbox": [ -65.18383574814227, -13.99271652719151, -65.15548169876129, -13.964362477810525 ] }, "geometry": { "type": "Polygon", "coordinates": [ [ [ -65.183835748142272, -13.99271652719151 ], [ -65.183835748142272, -13.964362477810525 ], [ -65.155481698761292, -13.964362477810525 ], [ -65.155481698761292, -13.99271652719151 ], [ -65.183835748142272, -13.99271652719151 ] ] ] } },
{ "type": "Feature", "properties": { "Event": "Bolivia", "Chip_ID": "BOL_856", "Image Source": "PS", "PS_href": "../../../../Bolivia/PS/BOL_856.tif", "labels_href": "../../../../Bolivia/labels/BOL_856.tif", "bbox": [ -65.15548169876129, -13.99271652719151, -65.12712764938031, -13.964362477810525 ] }, "geometry": { "type": "Polygon", "coordinates": [ [ [ -65.155481698761292, -13.99271652719151 ], [ -65.155481698761292, -13.964362477810525 ], [ -65.127127649380313, -13.964362477810525 ], [ -65.127127649380313, -13.99271652719151 ], [ -65.155481698761292, -13.99271652719151 ] ] ] } },
{ "type": "Feature", "properties": { "Event": "Bolivia", "Chip_ID": "BOL_880", "Image Source": "PS", "PS_href": "../../../../Bolivia/PS/BOL_880.tif", "labels_href": "../../../../Bolivia/labels/BOL_880.tif", "bbox": [ -65.24054384690425, -14.021070576572495, -65.21218979752327, -13.99271652719151 ] }, "geometry": { "type": "Polygon", "coordinates": [ [ [ -65.240543846904245, -14.021070576572495 ], [ -65.240543846904245, -13.99271652719151 ], [ -65.212189797523266, -13.99271652719151 ], [ -65.212189797523266, -14.021070576572495 ], [ -65.240543846904245, -14.021070576572495 ] ] ] } },
{ "type": "Feature", "properties": { "Event": "Bolivia", "Chip_ID": "BOL_881", "Image Source": "PS", "PS_href": "../../../../Bolivia/PS/BOL_881.tif", "labels_href": "../../../../Bolivia/labels/BOL_881.tif", "bbox": [ -65.21218979752327, -14.021070576572495, -65.18383574814229, -13.99271652719151 ] }, "geometry": { "type": "Polygon", "coordinates": [ [ [ -65.212189797523266, -14.021070576572495 ], [ -65.212189797523266, -13.99271652719151 ], [ -65.183835748142286, -13.99271652719151 ], [ -65.183835748142286, -14.021070576572495 ], [ -65.212189797523266, -14.021070576572495 ] ] ] } },
{ "type": "Feature", "properties": { "Event": "Bolivia", "Chip_ID": "BOL_882", "Image Source": "PS", "PS_href": "../../../../Bolivia/PS/BOL_882.tif", "labels_href": "../../../../Bolivia/labels/BOL_882.tif", "bbox": [ -65.18383574814227, -14.021070576572495, -65.15548169876129, -13.99271652719151 ] }, "geometry": { "type": "Polygon", "coordinates": [ [ [ -65.183835748142272, -14.021070576572495 ], [ -65.183835748142272, -13.99271652719151 ], [ -65.155481698761292, -13.99271652719151 ], [ -65.155481698761292, -14.021070576572495 ], [ -65.183835748142272, -14.021070576572495 ] ] ] } },
{ "type": "Feature", "properties": { "Event": "Bolivia", "Chip_ID": "BOL_883", "Image Source": "PS", "PS_href": "../../../../Bolivia/PS/BOL_883.tif", "labels_href": "../../../../Bolivia/labels/BOL_883.tif", "bbox": [ -65.15548169876129, -14.021070576572495, -65.12712764938031, -13.99271652719151 ] }, "geometry": { "type": "Polygon", "coordinates": [ [ [ -65.155481698761292, -14.021070576572495 ], [ -65.155481698761292, -13.99271652719151 ], [ -65.127127649380313, -13.99271652719151 ], [ -65.127127649380313, -14.021070576572495 ], [ -65.155481698761292, -14.021070576572495 ] ] ] } },
{ "type": "Feature", "properties": { "Event": "Bolivia", "Chip_ID": "BOL_908", "Image Source": "PS", "PS_href": "../../../../Bolivia/PS/BOL_908.tif", "labels_href": "../../../../Bolivia/labels/BOL_908.tif", "bbox": [ -65.21218979752327, -14.04942462595348, -65.18383574814229, -14.021070576572495 ] }, "geometry": { "type": "Polygon", "coordinates": [ [ [ -65.212189797523266, -14.049424625953479 ], [ -65.212189797523266, -14.021070576572495 ], [ -65.183835748142286, -14.021070576572495 ], [ -65.183835748142286, -14.049424625953479 ], [ -65.212189797523266, -14.049424625953479 ] ] ] } },
{ "type": "Feature", "properties": { "Event": "Bolivia", "Chip_ID": "BOL_909", "Image Source": "PS", "PS_href": "../../../../Bolivia/PS/BOL_909.tif", "labels_href": "../../../../Bolivia/labels/BOL_909.tif", "bbox": [ -65.18383574814227, -14.04942462595348, -65.15548169876129, -14.021070576572495 ] }, "geometry": { "type": "Polygon", "coordinates": [ [ [ -65.183835748142272, -14.049424625953479 ], [ -65.183835748142272, -14.021070576572495 ], [ -65.155481698761292, -14.021070576572495 ], [ -65.155481698761292, -14.049424625953479 ], [ -65.183835748142272, -14.049424625953479 ] ] ] } },
{ "type": "Feature", "properties": { "Event": "Bolivia", "Chip_ID": "BOL_936", "Image Source": "PS", "PS_href": "../../../../Bolivia/PS/BOL_936.tif", "labels_href": "../../../../Bolivia/labels/BOL_936.tif", "bbox": [ -65.18383574814227, -14.077778675334464, -65.15548169876129, -14.04942462595348 ] }, "geometry": { "type": "Polygon", "coordinates": [ [ [ -65.183835748142272, -14.077778675334464 ], [ -65.183835748142272, -14.049424625953479 ], [ -65.155481698761292, -14.049424625953479 ], [ -65.155481698761292, -14.077778675334464 ], [ -65.183835748142272, -14.077778675334464 ] ] ] } },
{ "type": "Feature", "properties": { "Event": "Bolivia", "Chip_ID": "BOL_989", "Image Source": "PS", "PS_href": "../../../../Bolivia/PS/BOL_989.tif", "labels_href": "../../../../Bolivia/labels/BOL_989.tif", "bbox": [ -65.21218979752327, -14.134486774096432, -65.18383574814229, -14.106132724715447 ] }, "geometry": { "type": "Polygon", "coordinates": [ [ [ -65.212189797523266, -14.134486774096432 ], [ -65.212189797523266, -14.106132724715447 ], [ -65.183835748142286, -14.106132724715447 ], [ -65.183835748142286, -14.134486774096432 ], [ -65.212189797523266, -14.134486774096432 ] ] ] } },
{ "type": "Feature", "properties": { "Event": "Cambodia", "Chip_ID": "MEK_3853", "Image Source": "PS", "PS_href": "../../../../Cambodia/PS/MEK_3853.tif", "labels_href": "../../../../Cambodia/labels/MEK_3853.tif", "bbox": [ 104.79107738741598, 12.32932297725124, 104.81920967263262, 12.357455262467878 ] }, "geometry": { "type": "Polygon", "coordinates": [ [ [ 104.791077387415982, 12.329322977251239 ], [ 104.791077387415982, 12.357455262467878 ], [ 104.819209672632624, 12.357455262467878 ], [ 104.819209672632624, 12.329322977251239 ], [ 104.791077387415982, 12.329322977251239 ] ] ] } },
{ "type": "Feature", "properties": { "Event": "Cambodia", "Chip_ID": "MEK_4991", "Image Source": "PS", "PS_href": "../../../../Cambodia/PS/MEK_4991.tif", "labels_href": "../../../../Cambodia/labels/MEK_4991.tif", "bbox": [ 104.98800338393245, 11.963603269434932, 105.0161356691491, 11.991735554651571 ] }, "geometry": { "type": "Polygon", "coordinates": [ [ [ 104.988003383932451, 11.963603269434932 ], [ 104.988003383932451, 11.991735554651571 ], [ 105.016135669149094, 11.991735554651571 ], [ 105.016135669149094, 11.963603269434932 ], [ 104.988003383932451, 11.963603269434932 ] ] ] } },
{ "type": "Feature", "properties": { "Event": "Cambodia", "Chip_ID": "MEK_5243", "Image Source": "PS", "PS_href": "../../../../Cambodia/PS/MEK_5243.tif", "labels_href": "../../../../Cambodia/labels/MEK_5243.tif", "bbox": [ 104.7348128169827, 11.879206413785013, 104.76294510219934, 11.907338699001652 ] }, "geometry": { "type": "Polygon", "coordinates": [ [ [ 104.734812816982696, 11.879206413785013 ], [ 104.734812816982696, 11.907338699001652 ], [ 104.762945102199339, 11.907338699001652 ], [ 104.762945102199339, 11.879206413785013 ], [ 104.734812816982696, 11.879206413785013 ] ] ] } },
{ "type": "Feature", "properties": { "Event": "Cambodia", "Chip_ID": "MEK_5340", "Image Source": "PS", "PS_href": "../../../../Cambodia/PS/MEK_5340.tif", "labels_href": "../../../../Cambodia/labels/MEK_5340.tif", "bbox": [ 105.0161356691491, 11.851074128568374, 105.04426795436574, 11.879206413785013 ] }, "geometry": { "type": "Polygon", "coordinates": [ [ [ 105.016135669149094, 11.851074128568374 ], [ 105.016135669149094, 11.879206413785013 ], [ 105.044267954365736, 11.879206413785013 ], [ 105.044267954365736, 11.851074128568374 ], [ 105.016135669149094, 11.851074128568374 ] ] ] } },
{ "type": "Feature", "properties": { "Event": "Cambodia", "Chip_ID": "MEK_5423", "Image Source": "PS", "PS_href": "../../../../Cambodia/PS/MEK_5423.tif", "labels_href": "../../../../Cambodia/labels/MEK_5423.tif", "bbox": [ 104.90360652828254, 11.822941843351735, 104.93173881349918, 11.851074128568374 ] }, "geometry": { "type": "Polygon", "coordinates": [ [ [ 104.903606528282538, 11.822941843351735 ], [ 104.903606528282538, 11.851074128568374 ], [ 104.93173881349918, 11.851074128568374 ], [ 104.93173881349918, 11.822941843351735 ], [ 104.903606528282538, 11.822941843351735 ] ] ] } },
{ "type": "Feature", "properties": { "Event": "Cambodia", "Chip_ID": "MEK_5511", "Image Source": "PS", "PS_href": "../../../../Cambodia/PS/MEK_5511.tif", "labels_href": "../../../../Cambodia/labels/MEK_5511.tif", "bbox": [ 104.93173881349918, 11.794809558135096, 104.95987109871582, 11.822941843351735 ] }, "geometry": { "type": "Polygon", "coordinates": [ [ [ 104.93173881349918, 11.794809558135096 ], [ 104.93173881349918, 11.822941843351735 ], [ 104.959871098715823, 11.822941843351735 ], [ 104.959871098715823, 11.794809558135096 ], [ 104.93173881349918, 11.794809558135096 ] ] ] } },
{ "type": "Feature", "properties": { "Event": "Cambodia", "Chip_ID": "MEK_5686", "Image Source": "PS", "PS_href": "../../../../Cambodia/PS/MEK_5686.tif", "labels_href": "../../../../Cambodia/labels/MEK_5686.tif", "bbox": [ 104.95987109871581, 11.738544987701818, 104.98800338393245, 11.766677272918457 ] }, "geometry": { "type": "Polygon", "coordinates": [ [ [ 104.959871098715809, 11.738544987701818 ], [ 104.959871098715809, 11.766677272918457 ], [ 104.988003383932451, 11.766677272918457 ], [ 104.988003383932451, 11.738544987701818 ], [ 104.959871098715809, 11.738544987701818 ] ] ] } },
{ "type": "Feature", "properties": { "Event": "Cambodia", "Chip_ID": "MEK_5949", "Image Source": "PS", "PS_href": "../../../../Cambodia/PS/MEK_5949.tif", "labels_href": "../../../../Cambodia/labels/MEK_5949.tif", "bbox": [ 105.0161356691491, 11.654148132051901, 105.04426795436574, 11.68228041726854 ] }, "geometry": { "type": "Polygon", "coordinates": [ [ [ 105.016135669149094, 11.654148132051901 ], [ 105.016135669149094, 11.68228041726854 ], [ 105.044267954365736, 11.68228041726854 ], [ 105.044267954365736, 11.654148132051901 ], [ 105.016135669149094, 11.654148132051901 ] ] ] } },
{ "type": "Feature", "properties": { "Event": "Cambodia", "Chip_ID": "MEK_5955", "Image Source": "PS", "PS_href": "../../../../Cambodia/PS/MEK_5955.tif", "labels_href": "../../../../Cambodia/labels/MEK_5955.tif", "bbox": [ 105.18492938044893, 11.654148132051901, 105.21306166566558, 11.68228041726854 ] }, "geometry": { "type": "Polygon", "coordinates": [ [ [ 105.184929380448935, 11.654148132051901 ], [ 105.184929380448935, 11.68228041726854 ], [ 105.213061665665577, 11.68228041726854 ], [ 105.213061665665577, 11.654148132051901 ], [ 105.184929380448935, 11.654148132051901 ] ] ] } },
{ "type": "Feature", "properties": { "Event": "Cambodia", "Chip_ID": "MEK_5958", "Image Source": "PS", "PS_href": "../../../../Cambodia/PS/MEK_5958.tif", "labels_href": "../../../../Cambodia/labels/MEK_5958.tif", "bbox": [ 105.26932623609885, 11.654148132051901, 105.29745852131549, 11.68228041726854 ] }, "geometry": { "type": "Polygon", "coordinates": [ [ [ 105.269326236098848, 11.654148132051901 ], [ 105.269326236098848, 11.68228041726854 ], [ 105.297458521315491, 11.68228041726854 ], [ 105.297458521315491, 11.654148132051901 ], [ 105.269326236098848, 11.654148132051901 ] ] ] } },
{ "type": "Feature", "properties": { "Event": "Cambodia", "Chip_ID": "MEK_6131", "Image Source": "PS", "PS_href": "../../../../Cambodia/PS/MEK_6131.tif", "labels_href": "../../../../Cambodia/labels/MEK_6131.tif", "bbox": [ 105.2411939508822, 11.597883561618623, 105.26932623609885, 11.626015846835262 ] }, "geometry": { "type": "Polygon", "coordinates": [ [ [ 105.241193950882206, 11.597883561618623 ], [ 105.241193950882206, 11.626015846835262 ], [ 105.269326236098848, 11.626015846835262 ], [ 105.269326236098848, 11.597883561618623 ], [ 105.241193950882206, 11.597883561618623 ] ] ] } },
{ "type": "Feature", "properties": { "Event": "Cambodia", "Chip_ID": "MEK_6307", "Image Source": "PS", "PS_href": "../../../../Cambodia/PS/MEK_6307.tif", "labels_href": "../../../../Cambodia/labels/MEK_6307.tif", "bbox": [ 105.29745852131549, 11.541618991185345, 105.32559080653213, 11.569751276401984 ] }, "geometry": { "type": "Polygon", "coordinates": [ [ [ 105.297458521315491, 11.541618991185345 ], [ 105.297458521315491, 11.569751276401984 ], [ 105.325590806532134, 11.569751276401984 ], [ 105.325590806532134, 11.541618991185345 ], [ 105.297458521315491, 11.541618991185345 ] ] ] } },
{ "type": "Feature", "properties": { "Event": "Cambodia", "Chip_ID": "MEK_6392", "Image Source": "PS", "PS_href": "../../../../Cambodia/PS/MEK_6392.tif", "labels_href": "../../../../Cambodia/labels/MEK_6392.tif", "bbox": [ 105.2411939508822, 11.513486705968706, 105.26932623609885, 11.541618991185345 ] }, "geometry": { "type": "Polygon", "coordinates": [ [ [ 105.241193950882206, 11.513486705968706 ], [ 105.241193950882206, 11.541618991185345 ], [ 105.269326236098848, 11.541618991185345 ], [ 105.269326236098848, 11.513486705968706 ], [ 105.241193950882206, 11.513486705968706 ] ] ] } },
{ "type": "Feature", "properties": { "Event": "Cambodia", "Chip_ID": "MEK_6689", "Image Source": "PS", "PS_href": "../../../../Cambodia/PS/MEK_6689.tif", "labels_href": "../../../../Cambodia/labels/MEK_6689.tif", "bbox": [ 106.25395621868121, 11.429089850318789, 106.28208850389785, 11.457222135535428 ] }, "geometry": { "type": "Polygon", "coordinates": [ [ [ 106.253956218681211, 11.429089850318789 ], [ 106.253956218681211, 11.457222135535428 ], [ 106.282088503897853, 11.457222135535428 ], [ 106.282088503897853, 11.429089850318789 ], [ 106.253956218681211, 11.429089850318789 ] ] ] } },
{ "type": "Feature", "properties": { "Event": "Cambodia", "Chip_ID": "MEK_6827", "Image Source": "PS", "PS_href": "../../../../Cambodia/PS/MEK_6827.tif", "labels_href": "../../../../Cambodia/labels/MEK_6827.tif", "bbox": [ 105.2411939508822, 11.372825279885511, 105.26932623609885, 11.40095756510215 ] }, "geometry": { "type": "Polygon", "coordinates": [ [ [ 105.241193950882206, 11.372825279885511 ], [ 105.241193950882206, 11.40095756510215 ], [ 105.269326236098848, 11.40095756510215 ], [ 105.269326236098848, 11.372825279885511 ], [ 105.241193950882206, 11.372825279885511 ] ] ] } },
{ "type": "Feature", "properties": { "Event": "Cambodia", "Chip_ID": "MEK_6830", "Image Source": "PS", "PS_href": "../../../../Cambodia/PS/MEK_6830.tif", "labels_href": "../../../../Cambodia/labels/MEK_6830.tif", "bbox": [ 105.32559080653212, 11.372825279885511, 105.35372309174876, 11.40095756510215 ] }, "geometry": { "type": "Polygon", "coordinates": [ [ [ 105.325590806532119, 11.372825279885511 ], [ 105.325590806532119, 11.40095756510215 ], [ 105.353723091748762, 11.40095756510215 ], [ 105.353723091748762, 11.372825279885511 ], [ 105.325590806532119, 11.372825279885511 ] ] ] } },
{ "type": "Feature", "properties": { "Event": "Cambodia", "Chip_ID": "MEK_6864", "Image Source": "PS", "PS_href": "../../../../Cambodia/PS/MEK_6864.tif", "labels_href": "../../../../Cambodia/labels/MEK_6864.tif", "bbox": [ 106.28208850389785, 11.372825279885511, 106.3102207891145, 11.40095756510215 ] }, "geometry": { "type": "Polygon", "coordinates": [ [ [ 106.282088503897853, 11.372825279885511 ], [ 106.282088503897853, 11.40095756510215 ], [ 106.310220789114496, 11.40095756510215 ], [ 106.310220789114496, 11.372825279885511 ], [ 106.282088503897853, 11.372825279885511 ] ] ] } },
{ "type": "Feature", "properties": { "Event": "Cambodia", "Chip_ID": "MEK_6903", "Image Source": "PS", "PS_href": "../../../../Cambodia/PS/MEK_6903.tif", "labels_href": "../../../../Cambodia/labels/MEK_6903.tif", "bbox": [ 104.93173881349918, 11.34469299466887, 104.95987109871582, 11.37282527988551 ] }, "geometry": { "type": "Polygon", "coordinates": [ [ [ 104.93173881349918, 11.34469299466887 ], [ 104.93173881349918, 11.372825279885509 ], [ 104.959871098715823, 11.372825279885509 ], [ 104.959871098715823, 11.34469299466887 ], [ 104.93173881349918, 11.34469299466887 ] ] ] } },
{ "type": "Feature", "properties": { "Event": "Cambodia", "Chip_ID": "MEK_7076", "Image Source": "PS", "PS_href": "../../../../Cambodia/PS/MEK_7076.tif", "labels_href": "../../../../Cambodia/labels/MEK_7076.tif", "bbox": [ 104.90360652828254, 11.288428424235592, 104.93173881349918, 11.316560709452231 ] }, "geometry": { "type": "Polygon", "coordinates": [ [ [ 104.903606528282538, 11.288428424235592 ], [ 104.903606528282538, 11.316560709452231 ], [ 104.93173881349918, 11.316560709452231 ], [ 104.93173881349918, 11.288428424235592 ], [ 104.903606528282538, 11.288428424235592 ] ] ] } },
{ "type": "Feature", "properties": { "Event": "Cambodia", "Chip_ID": "MEK_7092", "Image Source": "PS", "PS_href": "../../../../Cambodia/PS/MEK_7092.tif", "labels_href": "../../../../Cambodia/labels/MEK_7092.tif", "bbox": [ 105.35372309174876, 11.288428424235592, 105.3818553769654, 11.316560709452231 ] }, "geometry": { "type": "Polygon", "coordinates": [ [ [ 105.353723091748762, 11.288428424235592 ], [ 105.353723091748762, 11.316560709452231 ], [ 105.381855376965405, 11.316560709452231 ], [ 105.381855376965405, 11.288428424235592 ], [ 105.353723091748762, 11.288428424235592 ] ] ] } },
{ "type": "Feature", "properties": { "Event": "Colombia", "Chip_ID": "COL_23_11", "Image Source": "PS", "PS_href": "../../../../Colombia/PS/COL_23_11.tif", "labels_href": "../../../../Colombia/labels/COL_23_11.tif", "bbox": [ -67.86502647532515, 5.13135554199904, -67.83734466929268, 5.159037348031518 ] }, "geometry": { "type": "Polygon", "coordinates": [ [ [ -67.865026475325152, 5.13135554199904 ], [ -67.865026475325152, 5.159037348031518 ], [ -67.837344669292676, 5.159037348031518 ], [ -67.837344669292676, 5.13135554199904 ], [ -67.865026475325152, 5.13135554199904 ] ] ] } },
{ "type": "Feature", "properties": { "Event": "Colombia", "Chip_ID": "COL_25_4", "Image Source": "PS", "PS_href": "../../../../Colombia/PS/COL_25_4.tif", "labels_href": "../../../../Colombia/labels/COL_25_4.tif", "bbox": [ -67.8096628632602, 5.325128184226382, -67.78198105722772, 5.3528099902588595 ] }, "geometry": { "type": "Polygon", "coordinates": [ [ [ -67.809662863260201, 5.325128184226382 ], [ -67.809662863260201, 5.35280999025886 ], [ -67.781981057227725, 5.35280999025886 ], [ -67.781981057227725, 5.325128184226382 ], [ -67.809662863260201, 5.325128184226382 ] ] ] } },
{ "type": "Feature", "properties": { "Event": "Colombia", "Chip_ID": "COL_27_95", "Image Source": "PS", "PS_href": "../../../../Colombia/PS/COL_27_95.tif", "labels_href": "../../../../Colombia/labels/COL_27_95.tif", "bbox": [ -67.75429925119525, 2.806083835270935, -67.72661744516277, 2.8337656413034127 ] }, "geometry": { "type": "Polygon", "coordinates": [ [ [ -67.754299251195249, 2.806083835270935 ], [ -67.754299251195249, 2.833765641303413 ], [ -67.726617445162773, 2.833765641303413 ], [ -67.726617445162773, 2.806083835270935 ], [ -67.754299251195249, 2.806083835270935 ] ] ] } },
{ "type": "Feature", "properties": { "Event": "Colombia", "Chip_ID": "COL_30_100", "Image Source": "PS", "PS_href": "../../../../Colombia/PS/COL_30_100.tif", "labels_href": "../../../../Colombia/labels/COL_30_100.tif", "bbox": [ -67.67125383309781, 2.6676748051085477, -67.64357202706533, 2.695356611141025 ] }, "geometry": { "type": "Polygon", "coordinates": [ [ [ -67.671253833097808, 2.667674805108548 ], [ -67.671253833097808, 2.695356611141025 ], [ -67.643572027065332, 2.695356611141025 ], [ -67.643572027065332, 2.667674805108548 ], [ -67.671253833097808, 2.667674805108548 ] ] ] } },
{ "type": "Feature", "properties": { "Event": "Colombia", "Chip_ID": "COL_32_61", "Image Source": "PS", "PS_href": "../../../../Colombia/PS/COL_32_61.tif", "labels_href": "../../../../Colombia/labels/COL_32_61.tif", "bbox": [ -67.61589022103286, 3.7472652403751683, -67.58820841500038, 3.774947046407646 ] }, "geometry": { "type": "Polygon", "coordinates": [ [ [ -67.615890221032856, 3.747265240375168 ], [ -67.615890221032856, 3.774947046407646 ], [ -67.588208415000381, 3.774947046407646 ], [ -67.588208415000381, 3.747265240375168 ], [ -67.615890221032856, 3.747265240375168 ] ] ] } },
{ "type": "Feature", "properties": { "Event": "Colombia", "Chip_ID": "COL_33_100", "Image Source": "PS", "PS_href": "../../../../Colombia/PS/COL_33_100.tif", "labels_href": "../../../../Colombia/labels/COL_33_100.tif", "bbox": [ -67.58820841500038, 2.6676748051085477, -67.5605266089679, 2.695356611141025 ] }, "geometry": { "type": "Polygon", "coordinates": [ [ [ -67.588208415000381, 2.667674805108548 ], [ -67.588208415000381, 2.695356611141025 ], [ -67.560526608967905, 2.695356611141025 ], [ -67.560526608967905, 2.667674805108548 ], [ -67.588208415000381, 2.667674805108548 ] ] ] } },
{ "type": "Feature", "properties": { "Event": "Colombia", "Chip_ID": "COL_33_63", "Image Source": "PS", "PS_href": "../../../../Colombia/PS/COL_33_63.tif", "labels_href": "../../../../Colombia/labels/COL_33_63.tif", "bbox": [ -67.58820841500038, 3.6919016283102133, -67.5605266089679, 3.719583434342691 ] }, "geometry": { "type": "Polygon", "coordinates": [ [ [ -67.588208415000381, 3.691901628310213 ], [ -67.588208415000381, 3.719583434342691 ], [ -67.560526608967905, 3.719583434342691 ], [ -67.560526608967905, 3.691901628310213 ], [ -67.588208415000381, 3.691901628310213 ] ] ] } },
{ "type": "Feature", "properties": { "Event": "Colombia", "Chip_ID": "COL_33_67", "Image Source": "PS", "PS_href": "../../../../Colombia/PS/COL_33_67.tif", "labels_href": "../../../../Colombia/labels/COL_33_67.tif", "bbox": [ -67.58820841500038, 3.5811744041803033, -67.5605266089679, 3.608856210212781 ] }, "geometry": { "type": "Polygon", "coordinates": [ [ [ -67.588208415000381, 3.581174404180303 ], [ -67.588208415000381, 3.608856210212781 ], [ -67.560526608967905, 3.608856210212781 ], [ -67.560526608967905, 3.581174404180303 ], [ -67.588208415000381, 3.581174404180303 ] ] ] } },
{ "type": "Feature", "properties": { "Event": "Colombia", "Chip_ID": "COL_33_98", "Image Source": "PS", "PS_href": "../../../../Colombia/PS/COL_33_98.tif", "labels_href": "../../../../Colombia/labels/COL_33_98.tif", "bbox": [ -67.58820841500038, 2.7230384171735027, -67.5605266089679, 2.75072022320598 ] }, "geometry": { "type": "Polygon", "coordinates": [ [ [ -67.588208415000381, 2.723038417173503 ], [ -67.588208415000381, 2.75072022320598 ], [ -67.560526608967905, 2.75072022320598 ], [ -67.560526608967905, 2.723038417173503 ], [ -67.588208415000381, 2.723038417173503 ] ] ] } },
{ "type": "Feature", "properties": { "Event": "Colombia", "Chip_ID": "COL_35_61", "Image Source": "PS", "PS_href": "../../../../Colombia/PS/COL_35_61.tif", "labels_href": "../../../../Colombia/labels/COL_35_61.tif", "bbox": [ -67.53284480293543, 3.7472652403751683, -67.50516299690295, 3.774947046407646 ] }, "geometry": { "type": "Polygon", "coordinates": [ [ [ -67.532844802935429, 3.747265240375168 ], [ -67.532844802935429, 3.774947046407646 ], [ -67.505162996902953, 3.774947046407646 ], [ -67.505162996902953, 3.747265240375168 ], [ -67.532844802935429, 3.747265240375168 ] ] ] } },
{ "type": "Feature", "properties": { "Event": "Colombia", "Chip_ID": "COL_37_61", "Image Source": "PS", "PS_href": "../../../../Colombia/PS/COL_37_61.tif", "labels_href": "../../../../Colombia/labels/COL_37_61.tif", "bbox": [ -67.47748119087048, 3.7472652403751683, -67.449799384838, 3.774947046407646 ] }, "geometry": { "type": "Polygon", "coordinates": [ [ [ -67.477481190870478, 3.747265240375168 ], [ -67.477481190870478, 3.774947046407646 ], [ -67.449799384838002, 3.774947046407646 ], [ -67.449799384838002, 3.747265240375168 ], [ -67.477481190870478, 3.747265240375168 ] ] ] } },
{ "type": "Feature", "properties": { "Event": "Colombia", "Chip_ID": "COL_38_74", "Image Source": "PS", "PS_href": "../../../../Colombia/PS/COL_38_74.tif", "labels_href": "../../../../Colombia/labels/COL_38_74.tif", "bbox": [ -67.44979938483799, 3.3874017619529613, -67.42211757880551, 3.4150835679854388 ] }, "geometry": { "type": "Polygon", "coordinates": [ [ [ -67.449799384837988, 3.387401761952961 ], [ -67.449799384837988, 3.415083567985439 ], [ -67.422117578805512, 3.415083567985439 ], [ -67.422117578805512, 3.387401761952961 ], [ -67.449799384837988, 3.387401761952961 ] ] ] } },
{ "type": "Feature", "properties": { "Event": "Ghana", "Chip_ID": "GHA_14_33", "Image Source": "PS", "PS_href": "../../../../Ghana/PS/GHA_14_33.tif", "labels_href": "../../../../Ghana/labels/GHA_14_33.tif", "bbox": [ -1.6095053279073621, 10.064523272313343, -1.5815347840566725, 10.092493816164033 ] }, "geometry": { "type": "Polygon", "coordinates": [ [ [ -1.609505327907362, 10.064523272313343 ], [ -1.609505327907362, 10.092493816164033 ], [ -1.581534784056672, 10.092493816164033 ], [ -1.581534784056672, 10.064523272313343 ], [ -1.609505327907362, 10.064523272313343 ] ] ] } },
{ "type": "Feature", "properties": { "Event": "Ghana", "Chip_ID": "GHA_21_31", "Image Source": "PS", "PS_href": "../../../../Ghana/PS/GHA_21_31.tif", "labels_href": "../../../../Ghana/labels/GHA_21_31.tif", "bbox": [ -1.413711520952534, 10.120464360014722, -1.3857409771018443, 10.148434903865413 ] }, "geometry": { "type": "Polygon", "coordinates": [ [ [ -1.413711520952534, 10.120464360014722 ], [ -1.413711520952534, 10.148434903865413 ], [ -1.385740977101844, 10.148434903865413 ], [ -1.385740977101844, 10.120464360014722 ], [ -1.413711520952534, 10.120464360014722 ] ] ] } },
{ "type": "Feature", "properties": { "Event": "Ghana", "Chip_ID": "GHA_22_49", "Image Source": "PS", "PS_href": "../../../../Ghana/PS/GHA_22_49.tif", "labels_href": "../../../../Ghana/labels/GHA_22_49.tif", "bbox": [ -1.3857409771018443, 9.616994570702309, -1.3577704332511547, 9.644965114552999 ] }, "geometry": { "type": "Polygon", "coordinates": [ [ [ -1.385740977101844, 9.616994570702309 ], [ -1.385740977101844, 9.644965114552999 ], [ -1.357770433251155, 9.644965114552999 ], [ -1.357770433251155, 9.616994570702309 ], [ -1.385740977101844, 9.616994570702309 ] ] ] } },
{ "type": "Feature", "properties": { "Event": "Ghana", "Chip_ID": "GHA_22_51", "Image Source": "PS", "PS_href": "../../../../Ghana/PS/GHA_22_51.tif", "labels_href": "../../../../Ghana/labels/GHA_22_51.tif", "bbox": [ -1.3857409771018443, 9.561053483000927, -1.3577704332511547, 9.589024026851618 ] }, "geometry": { "type": "Polygon", "coordinates": [ [ [ -1.385740977101844, 9.561053483000927 ], [ -1.385740977101844, 9.589024026851618 ], [ -1.357770433251155, 9.589024026851618 ], [ -1.357770433251155, 9.561053483000927 ], [ -1.385740977101844, 9.561053483000927 ] ] ] } },
{ "type": "Feature", "properties": { "Event": "Ghana", "Chip_ID": "GHA_23_48", "Image Source": "PS", "PS_href": "../../../../Ghana/PS/GHA_23_48.tif", "labels_href": "../../../../Ghana/labels/GHA_23_48.tif", "bbox": [ -1.3577704332511544, 9.644965114552997, -1.3297998894004648, 9.672935658403688 ] }, "geometry": { "type": "Polygon", "coordinates": [ [ [ -1.357770433251154, 9.644965114552997 ], [ -1.357770433251154, 9.672935658403688 ], [ -1.329799889400465, 9.672935658403688 ], [ -1.329799889400465, 9.644965114552997 ], [ -1.357770433251154, 9.644965114552997 ] ] ] } },
{ "type": "Feature", "properties": { "Event": "Ghana", "Chip_ID": "GHA_23_50", "Image Source": "PS", "PS_href": "../../../../Ghana/PS/GHA_23_50.tif", "labels_href": "../../../../Ghana/labels/GHA_23_50.tif", "bbox": [ -1.3577704332511544, 9.589024026851618, -1.3297998894004648, 9.616994570702309 ] }, "geometry": { "type": "Polygon", "coordinates": [ [ [ -1.357770433251154, 9.589024026851618 ], [ -1.357770433251154, 9.616994570702309 ], [ -1.329799889400465, 9.616994570702309 ], [ -1.329799889400465, 9.589024026851618 ], [ -1.357770433251154, 9.589024026851618 ] ] ] } },
{ "type": "Feature", "properties": { "Event": "Ghana", "Chip_ID": "GHA_24_49", "Image Source": "PS", "PS_href": "../../../../Ghana/PS/GHA_24_49.tif", "labels_href": "../../../../Ghana/labels/GHA_24_49.tif", "bbox": [ -1.3297998894004648, 9.616994570702309, -1.3018293455497751, 9.644965114552999 ] }, "geometry": { "type": "Polygon", "coordinates": [ [ [ -1.329799889400465, 9.616994570702309 ], [ -1.329799889400465, 9.644965114552999 ], [ -1.301829345549775, 9.644965114552999 ], [ -1.301829345549775, 9.616994570702309 ], [ -1.329799889400465, 9.616994570702309 ] ] ] } },
{ "type": "Feature", "properties": { "Event": "Ghana", "Chip_ID": "GHA_32_45", "Image Source": "PS", "PS_href": "../../../../Ghana/PS/GHA_32_45.tif", "labels_href": "../../../../Ghana/labels/GHA_32_45.tif", "bbox": [ -1.1060355385949472, 9.728876746105067, -1.0780649947442575, 9.756847289955758 ] }, "geometry": { "type": "Polygon", "coordinates": [ [ [ -1.106035538594947, 9.728876746105067 ], [ -1.106035538594947, 9.756847289955758 ], [ -1.078064994744258, 9.756847289955758 ], [ -1.078064994744258, 9.728876746105067 ], [ -1.106035538594947, 9.728876746105067 ] ] ] } },
{ "type": "Feature", "properties": { "Event": "Ghana", "Chip_ID": "GHA_32_48", "Image Source": "PS", "PS_href": "../../../../Ghana/PS/GHA_32_48.tif", "labels_href": "../../../../Ghana/labels/GHA_32_48.tif", "bbox": [ -1.1060355385949472, 9.644965114552997, -1.0780649947442575, 9.672935658403688 ] }, "geometry": { "type": "Polygon", "coordinates": [ [ [ -1.106035538594947, 9.644965114552997 ], [ -1.106035538594947, 9.672935658403688 ], [ -1.078064994744258, 9.672935658403688 ], [ -1.078064994744258, 9.644965114552997 ], [ -1.106035538594947, 9.644965114552997 ] ] ] } },
{ "type": "Feature", "properties": { "Event": "Ghana", "Chip_ID": "GHA_33_40", "Image Source": "PS", "PS_href": "../../../../Ghana/PS/GHA_33_40.tif", "labels_href": "../../../../Ghana/labels/GHA_33_40.tif", "bbox": [ -1.0780649947442573, 9.868729465358514, -1.0500944508935677, 9.896700009209205 ] }, "geometry": { "type": "Polygon", "coordinates": [ [ [ -1.078064994744257, 9.868729465358514 ], [ -1.078064994744257, 9.896700009209205 ], [ -1.050094450893568, 9.896700009209205 ], [ -1.050094450893568, 9.868729465358514 ], [ -1.078064994744257, 9.868729465358514 ] ] ] } },
{ "type": "Feature", "properties": { "Event": "Ghana", "Chip_ID": "GHA_34_33", "Image Source": "PS", "PS_href": "../../../../Ghana/PS/GHA_34_33.tif", "labels_href": "../../../../Ghana/labels/GHA_34_33.tif", "bbox": [ -1.0500944508935677, 10.064523272313343, -1.022123907042878, 10.092493816164033 ] }, "geometry": { "type": "Polygon", "coordinates": [ [ [ -1.050094450893568, 10.064523272313343 ], [ -1.050094450893568, 10.092493816164033 ], [ -1.022123907042878, 10.092493816164033 ], [ -1.022123907042878, 10.064523272313343 ], [ -1.050094450893568, 10.064523272313343 ] ] ] } },
{ "type": "Feature", "properties": { "Event": "Ghana", "Chip_ID": "GHA_34_39", "Image Source": "PS", "PS_href": "../../../../Ghana/PS/GHA_34_39.tif", "labels_href": "../../../../Ghana/labels/GHA_34_39.tif", "bbox": [ -1.0500944508935677, 9.896700009209205, -1.022123907042878, 9.924670553059896 ] }, "geometry": { "type": "Polygon", "coordinates": [ [ [ -1.050094450893568, 9.896700009209205 ], [ -1.050094450893568, 9.924670553059896 ], [ -1.022123907042878, 9.924670553059896 ], [ -1.022123907042878, 9.896700009209205 ], [ -1.050094450893568, 9.896700009209205 ] ] ] } },
{ "type": "Feature", "properties": { "Event": "Ghana", "Chip_ID": "GHA_34_46", "Image Source": "PS", "PS_href": "../../../../Ghana/PS/GHA_34_46.tif", "labels_href": "../../../../Ghana/labels/GHA_34_46.tif", "bbox": [ -1.0500944508935677, 9.700906202254377, -1.022123907042878, 9.728876746105067 ] }, "geometry": { "type": "Polygon", "coordinates": [ [ [ -1.050094450893568, 9.700906202254377 ], [ -1.050094450893568, 9.728876746105067 ], [ -1.022123907042878, 9.728876746105067 ], [ -1.022123907042878, 9.700906202254377 ], [ -1.050094450893568, 9.700906202254377 ] ] ] } },
{ "type": "Feature", "properties": { "Event": "Ghana", "Chip_ID": "GHA_34_48", "Image Source": "PS", "PS_href": "../../../../Ghana/PS/GHA_34_48.tif", "labels_href": "../../../../Ghana/labels/GHA_34_48.tif", "bbox": [ -1.0500944508935677, 9.644965114552997, -1.022123907042878, 9.672935658403688 ] }, "geometry": { "type": "Polygon", "coordinates": [ [ [ -1.050094450893568, 9.644965114552997 ], [ -1.050094450893568, 9.672935658403688 ], [ -1.022123907042878, 9.672935658403688 ], [ -1.022123907042878, 9.644965114552997 ], [ -1.050094450893568, 9.644965114552997 ] ] ] } },
{ "type": "Feature", "properties": { "Event": "Ghana", "Chip_ID": "GHA_35_35", "Image Source": "PS", "PS_href": "../../../../Ghana/PS/GHA_35_35.tif", "labels_href": "../../../../Ghana/labels/GHA_35_35.tif", "bbox": [ -1.0221239070428778, 10.008582184611964, -0.994153363192188, 10.036552728462654 ] }, "geometry": { "type": "Polygon", "coordinates": [ [ [ -1.022123907042878, 10.008582184611964 ], [ -1.022123907042878, 10.036552728462654 ], [ -0.994153363192188, 10.036552728462654 ], [ -0.994153363192188, 10.008582184611964 ], [ -1.022123907042878, 10.008582184611964 ] ] ] } },
{ "type": "Feature", "properties": { "Event": "Ghana", "Chip_ID": "GHA_35_38", "Image Source": "PS", "PS_href": "../../../../Ghana/PS/GHA_35_38.tif", "labels_href": "../../../../Ghana/labels/GHA_35_38.tif", "bbox": [ -1.0221239070428778, 9.924670553059896, -0.994153363192188, 9.952641096910586 ] }, "geometry": { "type": "Polygon", "coordinates": [ [ [ -1.022123907042878, 9.924670553059896 ], [ -1.022123907042878, 9.952641096910586 ], [ -0.994153363192188, 9.952641096910586 ], [ -0.994153363192188, 9.924670553059896 ], [ -1.022123907042878, 9.924670553059896 ] ] ] } },
{ "type": "Feature", "properties": { "Event": "Ghana", "Chip_ID": "GHA_36_42", "Image Source": "PS", "PS_href": "../../../../Ghana/PS/GHA_36_42.tif", "labels_href": "../../../../Ghana/labels/GHA_36_42.tif", "bbox": [ -0.9941533631921882, 9.812788377657135, -0.9661828193414984, 9.840758921507826 ] }, "geometry": { "type": "Polygon", "coordinates": [ [ [ -0.994153363192188, 9.812788377657135 ], [ -0.994153363192188, 9.840758921507826 ], [ -0.966182819341498, 9.840758921507826 ], [ -0.966182819341498, 9.812788377657135 ], [ -0.994153363192188, 9.812788377657135 ] ] ] } },
{ "type": "Feature", "properties": { "Event": "Ghana", "Chip_ID": "GHA_36_44", "Image Source": "PS", "PS_href": "../../../../Ghana/PS/GHA_36_44.tif", "labels_href": "../../../../Ghana/labels/GHA_36_44.tif", "bbox": [ -0.9941533631921882, 9.756847289955756, -0.9661828193414984, 9.784817833806446 ] }, "geometry": { "type": "Polygon", "coordinates": [ [ [ -0.994153363192188, 9.756847289955756 ], [ -0.994153363192188, 9.784817833806446 ], [ -0.966182819341498, 9.784817833806446 ], [ -0.966182819341498, 9.756847289955756 ], [ -0.994153363192188, 9.756847289955756 ] ] ] } },
{ "type": "Feature", "properties": { "Event": "Ghana", "Chip_ID": "GHA_5_25", "Image Source": "PS", "PS_href": "../../../../Ghana/PS/GHA_5_25.tif", "labels_href": "../../../../Ghana/labels/GHA_5_25.tif", "bbox": [ -1.8612402225635694, 10.28828762311886, -1.8332696787128797, 10.31625816696955 ] }, "geometry": { "type": "Polygon", "coordinates": [ [ [ -1.861240222563569, 10.28828762311886 ], [ -1.861240222563569, 10.316258166969551 ], [ -1.83326967871288, 10.316258166969551 ], [ -1.83326967871288, 10.28828762311886 ], [ -1.861240222563569, 10.28828762311886 ] ] ] } },
{ "type": "Feature", "properties": { "Event": "Ghana", "Chip_ID": "GHA_6_24", "Image Source": "PS", "PS_href": "../../../../Ghana/PS/GHA_6_24.tif", "labels_href": "../../../../Ghana/labels/GHA_6_24.tif", "bbox": [ -1.8332696787128797, 10.31625816696955, -1.80529913486219, 10.344228710820241 ] }, "geometry": { "type": "Polygon", "coordinates": [ [ [ -1.83326967871288, 10.316258166969551 ], [ -1.83326967871288, 10.344228710820241 ], [ -1.80529913486219, 10.344228710820241 ], [ -1.80529913486219, 10.316258166969551 ], [ -1.83326967871288, 10.316258166969551 ] ] ] } },
{ "type": "Feature", "properties": { "Event": "Nepal", "Chip_ID": "NPL_12_17", "Image Source": "PS", "PS_href": "../../../../Nepal/PS/NPL_12_17.tif", "labels_href": "../../../../Nepal/labels/NPL_12_17.tif", "bbox": [ 83.41493975028479, 26.543632008522035, 83.44522088694414, 26.573913145181397 ] }, "geometry": { "type": "Polygon", "coordinates": [ [ [ 83.414939750284788, 26.543632008522035 ], [ 83.414939750284788, 26.573913145181397 ], [ 83.445220886944142, 26.573913145181397 ], [ 83.445220886944142, 26.543632008522035 ], [ 83.414939750284788, 26.543632008522035 ] ] ] } },
{ "type": "Feature", "properties": { "Event": "Nepal", "Chip_ID": "NPL_13_18", "Image Source": "PS", "PS_href": "../../../../Nepal/PS/NPL_13_18.tif", "labels_href": "../../../../Nepal/labels/NPL_13_18.tif", "bbox": [ 83.44522088694414, 26.513350871862674, 83.4755020236035, 26.543632008522035 ] }, "geometry": { "type": "Polygon", "coordinates": [ [ [ 83.445220886944142, 26.513350871862674 ], [ 83.445220886944142, 26.543632008522035 ], [ 83.475502023603497, 26.543632008522035 ], [ 83.475502023603497, 26.513350871862674 ], [ 83.445220886944142, 26.513350871862674 ] ] ] } },
{ "type": "Feature", "properties": { "Event": "Nepal", "Chip_ID": "NPL_14_19", "Image Source": "PS", "PS_href": "../../../../Nepal/PS/NPL_14_19.tif", "labels_href": "../../../../Nepal/labels/NPL_14_19.tif", "bbox": [ 83.47550202360351, 26.483069735203312, 83.50578316026287, 26.513350871862674 ] }, "geometry": { "type": "Polygon", "coordinates": [ [ [ 83.475502023603511, 26.483069735203312 ], [ 83.475502023603511, 26.513350871862674 ], [ 83.505783160262865, 26.513350871862674 ], [ 83.505783160262865, 26.483069735203312 ], [ 83.475502023603511, 26.483069735203312 ] ] ] } },
{ "type": "Feature", "properties": { "Event": "Nepal", "Chip_ID": "NPL_15_18", "Image Source": "PS", "PS_href": "../../../../Nepal/PS/NPL_15_18.tif", "labels_href": "../../../../Nepal/labels/NPL_15_18.tif", "bbox": [ 83.50578316026287, 26.513350871862674, 83.53606429692222, 26.543632008522035 ] }, "geometry": { "type": "Polygon", "coordinates": [ [ [ 83.505783160262865, 26.513350871862674 ], [ 83.505783160262865, 26.543632008522035 ], [ 83.53606429692222, 26.543632008522035 ], [ 83.53606429692222, 26.513350871862674 ], [ 83.505783160262865, 26.513350871862674 ] ] ] } },
{ "type": "Feature", "properties": { "Event": "Nepal", "Chip_ID": "NPL_16_15", "Image Source": "PS", "PS_href": "../../../../Nepal/PS/NPL_16_15.tif", "labels_href": "../../../../Nepal/labels/NPL_16_15.tif", "bbox": [ 83.53606429692222, 26.604194281840755, 83.56634543358157, 26.634475418500116 ] }, "geometry": { "type": "Polygon", "coordinates": [ [ [ 83.53606429692222, 26.604194281840755 ], [ 83.53606429692222, 26.634475418500116 ], [ 83.566345433581574, 26.634475418500116 ], [ 83.566345433581574, 26.604194281840755 ], [ 83.53606429692222, 26.604194281840755 ] ] ] } },
{ "type": "Feature", "properties": { "Event": "Nepal", "Chip_ID": "NPL_16_19", "Image Source": "PS", "PS_href": "../../../../Nepal/PS/NPL_16_19.tif", "labels_href": "../../../../Nepal/labels/NPL_16_19.tif", "bbox": [ 83.53606429692222, 26.483069735203312, 83.56634543358157, 26.513350871862674 ] }, "geometry": { "type": "Polygon", "coordinates": [ [ [ 83.53606429692222, 26.483069735203312 ], [ 83.53606429692222, 26.513350871862674 ], [ 83.566345433581574, 26.513350871862674 ], [ 83.566345433581574, 26.483069735203312 ], [ 83.53606429692222, 26.483069735203312 ] ] ] } },
{ "type": "Feature", "properties": { "Event": "Nepal", "Chip_ID": "NPL_7_7", "Image Source": "PS", "PS_href": "../../../../Nepal/PS/NPL_7_7.tif", "labels_href": "../../../../Nepal/labels/NPL_7_7.tif", "bbox": [ 83.26353406698799, 26.846443375115637, 83.29381520364734, 26.876724511775 ] }, "geometry": { "type": "Polygon", "coordinates": [ [ [ 83.263534066987987, 26.846443375115637 ], [ 83.263534066987987, 26.876724511774999 ], [ 83.293815203647341, 26.876724511774999 ], [ 83.293815203647341, 26.846443375115637 ], [ 83.263534066987987, 26.846443375115637 ] ] ] } },
{ "type": "Feature", "properties": { "Event": "Nepal", "Chip_ID": "NPL_7_9", "Image Source": "PS", "PS_href": "../../../../Nepal/PS/NPL_7_9.tif", "labels_href": "../../../../Nepal/labels/NPL_7_9.tif", "bbox": [ 83.26353406698799, 26.785881101796917, 83.29381520364734, 26.81616223845628 ] }, "geometry": { "type": "Polygon", "coordinates": [ [ [ 83.263534066987987, 26.785881101796917 ], [ 83.263534066987987, 26.816162238456279 ], [ 83.293815203647341, 26.816162238456279 ], [ 83.293815203647341, 26.785881101796917 ], [ 83.263534066987987, 26.785881101796917 ] ] ] } },
{ "type": "Feature", "properties": { "Event": "Nepal", "Chip_ID": "NPL_8_6", "Image Source": "PS", "PS_href": "../../../../Nepal/PS/NPL_8_6.tif", "labels_href": "../../../../Nepal/labels/NPL_8_6.tif", "bbox": [ 83.29381520364734, 26.876724511774995, 83.3240963403067, 26.907005648434357 ] }, "geometry": { "type": "Polygon", "coordinates": [ [ [ 83.293815203647341, 26.876724511774995 ], [ 83.293815203647341, 26.907005648434357 ], [ 83.324096340306696, 26.907005648434357 ], [ 83.324096340306696, 26.876724511774995 ], [ 83.293815203647341, 26.876724511774995 ] ] ] } },
{ "type": "Feature", "properties": { "Event": "Nigeria", "Chip_ID": "NGA_10_42", "Image Source": "PS", "PS_href": "../../../../Nigeria/PS/NGA_10_42.tif", "labels_href": "../../../../Nigeria/labels/NGA_10_42.tif", "bbox": [ 5.7557883623714465, 8.885828789493866, 5.783677782812197, 8.913718209934617 ] }, "geometry": { "type": "Polygon", "coordinates": [ [ [ 5.755788362371447, 8.885828789493866 ], [ 5.755788362371447, 8.913718209934617 ], [ 5.783677782812197, 8.913718209934617 ], [ 5.783677782812197, 8.885828789493866 ], [ 5.755788362371447, 8.885828789493866 ] ] ] } },
{ "type": "Feature", "properties": { "Event": "Nigeria", "Chip_ID": "NGA_11_37", "Image Source": "PS", "PS_href": "../../../../Nigeria/PS/NGA_11_37.tif", "labels_href": "../../../../Nigeria/labels/NGA_11_37.tif", "bbox": [ 5.783677782812196, 9.025275891697618, 5.811567203252947, 9.053165312138368 ] }, "geometry": { "type": "Polygon", "coordinates": [ [ [ 5.783677782812196, 9.025275891697618 ], [ 5.783677782812196, 9.053165312138368 ], [ 5.811567203252947, 9.053165312138368 ], [ 5.811567203252947, 9.025275891697618 ], [ 5.783677782812196, 9.025275891697618 ] ] ] } },
{ "type": "Feature", "properties": { "Event": "Nigeria", "Chip_ID": "NGA_13_30", "Image Source": "PS", "PS_href": "../../../../Nigeria/PS/NGA_13_30.tif", "labels_href": "../../../../Nigeria/labels/NGA_13_30.tif", "bbox": [ 5.839456623693698, 9.220501834782869, 5.8673460441344485, 9.24839125522362 ] }, "geometry": { "type": "Polygon", "coordinates": [ [ [ 5.839456623693698, 9.220501834782869 ], [ 5.839456623693698, 9.24839125522362 ], [ 5.867346044134448, 9.24839125522362 ], [ 5.867346044134448, 9.220501834782869 ], [ 5.839456623693698, 9.220501834782869 ] ] ] } },
{ "type": "Feature", "properties": { "Event": "Nigeria", "Chip_ID": "NGA_14_46", "Image Source": "PS", "PS_href": "../../../../Nigeria/PS/NGA_14_46.tif", "labels_href": "../../../../Nigeria/labels/NGA_14_46.tif", "bbox": [ 5.867346044134448, 8.774271107730865, 5.895235464575198, 8.802160528171616 ] }, "geometry": { "type": "Polygon", "coordinates": [ [ [ 5.867346044134448, 8.774271107730865 ], [ 5.867346044134448, 8.802160528171616 ], [ 5.895235464575198, 8.802160528171616 ], [ 5.895235464575198, 8.774271107730865 ], [ 5.867346044134448, 8.774271107730865 ] ] ] } },
{ "type": "Feature", "properties": { "Event": "Nigeria", "Chip_ID": "NGA_15_13", "Image Source": "PS", "PS_href": "../../../../Nigeria/PS/NGA_15_13.tif", "labels_href": "../../../../Nigeria/labels/NGA_15_13.tif", "bbox": [ 5.895235464575198, 9.694621982275626, 5.923124885015949, 9.722511402716377 ] }, "geometry": { "type": "Polygon", "coordinates": [ [ [ 5.895235464575198, 9.694621982275626 ], [ 5.895235464575198, 9.722511402716377 ], [ 5.923124885015949, 9.722511402716377 ], [ 5.923124885015949, 9.694621982275626 ], [ 5.895235464575198, 9.694621982275626 ] ] ] } },
{ "type": "Feature", "properties": { "Event": "Nigeria", "Chip_ID": "NGA_15_18", "Image Source": "PS", "PS_href": "../../../../Nigeria/PS/NGA_15_18.tif", "labels_href": "../../../../Nigeria/labels/NGA_15_18.tif", "bbox": [ 5.895235464575198, 9.555174880071874, 5.923124885015949, 9.583064300512625 ] }, "geometry": { "type": "Polygon", "coordinates": [ [ [ 5.895235464575198, 9.555174880071874 ], [ 5.895235464575198, 9.583064300512625 ], [ 5.923124885015949, 9.583064300512625 ], [ 5.923124885015949, 9.555174880071874 ], [ 5.895235464575198, 9.555174880071874 ] ] ] } },
{ "type": "Feature", "properties": { "Event": "Nigeria", "Chip_ID": "NGA_15_23", "Image Source": "PS", "PS_href": "../../../../Nigeria/PS/NGA_15_23.tif", "labels_href": "../../../../Nigeria/labels/NGA_15_23.tif", "bbox": [ 5.895235464575198, 9.415727777868122, 5.923124885015949, 9.443617198308873 ] }, "geometry": { "type": "Polygon", "coordinates": [ [ [ 5.895235464575198, 9.415727777868122 ], [ 5.895235464575198, 9.443617198308873 ], [ 5.923124885015949, 9.443617198308873 ], [ 5.923124885015949, 9.415727777868122 ], [ 5.895235464575198, 9.415727777868122 ] ] ] } },
{ "type": "Feature", "properties": { "Event": "Nigeria", "Chip_ID": "NGA_16_41", "Image Source": "PS", "PS_href": "../../../../Nigeria/PS/NGA_16_41.tif", "labels_href": "../../../../Nigeria/labels/NGA_16_41.tif", "bbox": [ 5.923124885015948, 8.913718209934617, 5.951014305456699, 8.941607630375367 ] }, "geometry": { "type": "Polygon", "coordinates": [ [ [ 5.923124885015948, 8.913718209934617 ], [ 5.923124885015948, 8.941607630375367 ], [ 5.951014305456699, 8.941607630375367 ], [ 5.951014305456699, 8.913718209934617 ], [ 5.923124885015948, 8.913718209934617 ] ] ] } },
{ "type": "Feature", "properties": { "Event": "Nigeria", "Chip_ID": "NGA_19_46", "Image Source": "PS", "PS_href": "../../../../Nigeria/PS/NGA_19_46.tif", "labels_href": "../../../../Nigeria/labels/NGA_19_46.tif", "bbox": [ 6.006793146338199, 8.774271107730865, 6.03468256677895, 8.802160528171616 ] }, "geometry": { "type": "Polygon", "coordinates": [ [ [ 6.006793146338199, 8.774271107730865 ], [ 6.006793146338199, 8.802160528171616 ], [ 6.03468256677895, 8.802160528171616 ], [ 6.03468256677895, 8.774271107730865 ], [ 6.006793146338199, 8.774271107730865 ] ] ] } },
{ "type": "Feature", "properties": { "Event": "Nigeria", "Chip_ID": "NGA_4_44", "Image Source": "PS", "PS_href": "../../../../Nigeria/PS/NGA_4_44.tif", "labels_href": "../../../../Nigeria/labels/NGA_4_44.tif", "bbox": [ 5.588451839726944, 8.830049948612364, 5.616341260167695, 8.857939369053115 ] }, "geometry": { "type": "Polygon", "coordinates": [ [ [ 5.588451839726944, 8.830049948612364 ], [ 5.588451839726944, 8.857939369053115 ], [ 5.616341260167695, 8.857939369053115 ], [ 5.616341260167695, 8.830049948612364 ], [ 5.588451839726944, 8.830049948612364 ] ] ] } },
{ "type": "Feature", "properties": { "Event": "Nigeria", "Chip_ID": "NGA_4_46", "Image Source": "PS", "PS_href": "../../../../Nigeria/PS/NGA_4_46.tif", "labels_href": "../../../../Nigeria/labels/NGA_4_46.tif", "bbox": [ 5.588451839726944, 8.774271107730865, 5.616341260167695, 8.802160528171616 ] }, "geometry": { "type": "Polygon", "coordinates": [ [ [ 5.588451839726944, 8.774271107730865 ], [ 5.588451839726944, 8.802160528171616 ], [ 5.616341260167695, 8.802160528171616 ], [ 5.616341260167695, 8.774271107730865 ], [ 5.588451839726944, 8.774271107730865 ] ] ] } },
{ "type": "Feature", "properties": { "Event": "Nigeria", "Chip_ID": "NGA_4_58", "Image Source": "PS", "PS_href": "../../../../Nigeria/PS/NGA_4_58.tif", "labels_href": "../../../../Nigeria/labels/NGA_4_58.tif", "bbox": [ 5.588451839726944, 8.43959806244186, 5.616341260167695, 8.46748748288261 ] }, "geometry": { "type": "Polygon", "coordinates": [ [ [ 5.588451839726944, 8.43959806244186 ], [ 5.588451839726944, 8.467487482882611 ], [ 5.616341260167695, 8.467487482882611 ], [ 5.616341260167695, 8.43959806244186 ], [ 5.588451839726944, 8.43959806244186 ] ] ] } },
{ "type": "Feature", "properties": { "Event": "Nigeria", "Chip_ID": "NGA_5_42", "Image Source": "PS", "PS_href": "../../../../Nigeria/PS/NGA_5_42.tif", "labels_href": "../../../../Nigeria/labels/NGA_5_42.tif", "bbox": [ 5.616341260167695, 8.885828789493866, 5.6442306806084455, 8.913718209934617 ] }, "geometry": { "type": "Polygon", "coordinates": [ [ [ 5.616341260167695, 8.885828789493866 ], [ 5.616341260167695, 8.913718209934617 ], [ 5.644230680608445, 8.913718209934617 ], [ 5.644230680608445, 8.885828789493866 ], [ 5.616341260167695, 8.885828789493866 ] ] ] } },
{ "type": "Feature", "properties": { "Event": "Nigeria", "Chip_ID": "NGA_7_42", "Image Source": "PS", "PS_href": "../../../../Nigeria/PS/NGA_7_42.tif", "labels_href": "../../../../Nigeria/labels/NGA_7_42.tif", "bbox": [ 5.672120101049195, 8.885828789493866, 5.700009521489946, 8.913718209934617 ] }, "geometry": { "type": "Polygon", "coordinates": [ [ [ 5.672120101049195, 8.885828789493866 ], [ 5.672120101049195, 8.913718209934617 ], [ 5.700009521489946, 8.913718209934617 ], [ 5.700009521489946, 8.885828789493866 ], [ 5.672120101049195, 8.885828789493866 ] ] ] } },
{ "type": "Feature", "properties": { "Event": "Nigeria", "Chip_ID": "NGA_7_44", "Image Source": "PS", "PS_href": "../../../../Nigeria/PS/NGA_7_44.tif", "labels_href": "../../../../Nigeria/labels/NGA_7_44.tif", "bbox": [ 5.672120101049195, 8.830049948612364, 5.700009521489946, 8.857939369053115 ] }, "geometry": { "type": "Polygon", "coordinates": [ [ [ 5.672120101049195, 8.830049948612364 ], [ 5.672120101049195, 8.857939369053115 ], [ 5.700009521489946, 8.857939369053115 ], [ 5.700009521489946, 8.830049948612364 ], [ 5.672120101049195, 8.830049948612364 ] ] ] } },
{ "type": "Feature", "properties": { "Event": "Paraguay", "Chip_ID": "PRY_12_58", "Image Source": "PS", "PS_href": "../../../../Paraguay/PS/PRY_12_58.tif", "labels_href": "../../../../Paraguay/labels/PRY_12_58.tif", "bbox": [ -57.712379533151115, -24.805337697021148, -57.68259097776071, -24.775549141630744 ] }, "geometry": { "type": "Polygon", "coordinates": [ [ [ -57.712379533151115, -24.805337697021148 ], [ -57.712379533151115, -24.775549141630744 ], [ -57.682590977760711, -24.775549141630744 ], [ -57.682590977760711, -24.805337697021148 ], [ -57.712379533151115, -24.805337697021148 ] ] ] } },
{ "type": "Feature", "properties": { "Event": "Paraguay", "Chip_ID": "PRY_16_68", "Image Source": "PS", "PS_href": "../../../../Paraguay/PS/PRY_16_68.tif", "labels_href": "../../../../Paraguay/labels/PRY_16_68.tif", "bbox": [ -57.59322531158951, -25.103223250925172, -57.5634367561991, -25.07343469553477 ] }, "geometry": { "type": "Polygon", "coordinates": [ [ [ -57.593225311589507, -25.103223250925172 ], [ -57.593225311589507, -25.073434695534768 ], [ -57.563436756199103, -25.073434695534768 ], [ -57.563436756199103, -25.103223250925172 ], [ -57.593225311589507, -25.103223250925172 ] ] ] } },
{ "type": "Feature", "properties": { "Event": "Paraguay", "Chip_ID": "PRY_16_72", "Image Source": "PS", "PS_href": "../../../../Paraguay/PS/PRY_16_72.tif", "labels_href": "../../../../Paraguay/labels/PRY_16_72.tif", "bbox": [ -57.59322531158951, -25.222377472486784, -57.5634367561991, -25.19258891709638 ] }, "geometry": { "type": "Polygon", "coordinates": [ [ [ -57.593225311589507, -25.222377472486784 ], [ -57.593225311589507, -25.19258891709638 ], [ -57.563436756199103, -25.19258891709638 ], [ -57.563436756199103, -25.222377472486784 ], [ -57.593225311589507, -25.222377472486784 ] ] ] } },
{ "type": "Feature", "properties": { "Event": "Paraguay", "Chip_ID": "PRY_17_42", "Image Source": "PS", "PS_href": "../../../../Paraguay/PS/PRY_17_42.tif", "labels_href": "../../../../Paraguay/labels/PRY_17_42.tif", "bbox": [ -57.5634367561991, -24.32872081077471, -57.5336482008087, -24.298932255384305 ] }, "geometry": { "type": "Polygon", "coordinates": [ [ [ -57.563436756199103, -24.328720810774708 ], [ -57.563436756199103, -24.298932255384305 ], [ -57.533648200808699, -24.298932255384305 ], [ -57.533648200808699, -24.328720810774708 ], [ -57.563436756199103, -24.328720810774708 ] ] ] } },
{ "type": "Feature", "properties": { "Event": "Paraguay", "Chip_ID": "PRY_17_70", "Image Source": "PS", "PS_href": "../../../../Paraguay/PS/PRY_17_70.tif", "labels_href": "../../../../Paraguay/labels/PRY_17_70.tif", "bbox": [ -57.5634367561991, -25.16280036170598, -57.5336482008087, -25.133011806315576 ] }, "geometry": { "type": "Polygon", "coordinates": [ [ [ -57.563436756199103, -25.16280036170598 ], [ -57.563436756199103, -25.133011806315576 ], [ -57.533648200808699, -25.133011806315576 ], [ -57.533648200808699, -25.16280036170598 ], [ -57.563436756199103, -25.16280036170598 ] ] ] } },
{ "type": "Feature", "properties": { "Event": "Paraguay", "Chip_ID": "PRY_18_59", "Image Source": "PS", "PS_href": "../../../../Paraguay/PS/PRY_18_59.tif", "labels_href": "../../../../Paraguay/labels/PRY_18_59.tif", "bbox": [ -57.5336482008087, -24.835126252411552, -57.503859645418295, -24.805337697021148 ] }, "geometry": { "type": "Polygon", "coordinates": [ [ [ -57.533648200808699, -24.835126252411552 ], [ -57.533648200808699, -24.805337697021148 ], [ -57.503859645418295, -24.805337697021148 ], [ -57.503859645418295, -24.835126252411552 ], [ -57.533648200808699, -24.835126252411552 ] ] ] } },
{ "type": "Feature", "properties": { "Event": "Paraguay", "Chip_ID": "PRY_19_17", "Image Source": "PS", "PS_href": "../../../../Paraguay/PS/PRY_19_17.tif", "labels_href": "../../../../Paraguay/labels/PRY_19_17.tif", "bbox": [ -57.5038596454183, -23.58400692601465, -57.4740710900279, -23.554218370624245 ] }, "geometry": { "type": "Polygon", "coordinates": [ [ [ -57.503859645418302, -23.584006926014649 ], [ -57.503859645418302, -23.554218370624245 ], [ -57.474071090027898, -23.554218370624245 ], [ -57.474071090027898, -23.584006926014649 ], [ -57.503859645418302, -23.584006926014649 ] ] ] } },
{ "type": "Feature", "properties": { "Event": "Paraguay", "Chip_ID": "PRY_19_29", "Image Source": "PS", "PS_href": "../../../../Paraguay/PS/PRY_19_29.tif", "labels_href": "../../../../Paraguay/labels/PRY_19_29.tif", "bbox": [ -57.5038596454183, -23.941469590699477, -57.4740710900279, -23.911681035309073 ] }, "geometry": { "type": "Polygon", "coordinates": [ [ [ -57.503859645418302, -23.941469590699477 ], [ -57.503859645418302, -23.911681035309073 ], [ -57.474071090027898, -23.911681035309073 ], [ -57.474071090027898, -23.941469590699477 ], [ -57.503859645418302, -23.941469590699477 ] ] ] } },
{ "type": "Feature", "properties": { "Event": "Paraguay", "Chip_ID": "PRY_20_12", "Image Source": "PS", "PS_href": "../../../../Paraguay/PS/PRY_20_12.tif", "labels_href": "../../../../Paraguay/labels/PRY_20_12.tif", "bbox": [ -57.4740710900279, -23.435064149062633, -57.444282534637495, -23.40527559367223 ] }, "geometry": { "type": "Polygon", "coordinates": [ [ [ -57.474071090027898, -23.435064149062633 ], [ -57.474071090027898, -23.405275593672229 ], [ -57.444282534637495, -23.405275593672229 ], [ -57.444282534637495, -23.435064149062633 ], [ -57.474071090027898, -23.435064149062633 ] ] ] } },
{ "type": "Feature", "properties": { "Event": "Paraguay", "Chip_ID": "PRY_20_58", "Image Source": "PS", "PS_href": "../../../../Paraguay/PS/PRY_20_58.tif", "labels_href": "../../../../Paraguay/labels/PRY_20_58.tif", "bbox": [ -57.4740710900279, -24.805337697021148, -57.444282534637495, -24.775549141630744 ] }, "geometry": { "type": "Polygon", "coordinates": [ [ [ -57.474071090027898, -24.805337697021148 ], [ -57.474071090027898, -24.775549141630744 ], [ -57.444282534637495, -24.775549141630744 ], [ -57.444282534637495, -24.805337697021148 ], [ -57.474071090027898, -24.805337697021148 ] ] ] } },
{ "type": "Feature", "properties": { "Event": "Paraguay", "Chip_ID": "PRY_23_39", "Image Source": "PS", "PS_href": "../../../../Paraguay/PS/PRY_23_39.tif", "labels_href": "../../../../Paraguay/labels/PRY_23_39.tif", "bbox": [ -57.38470542385669, -24.2393551446035, -57.35491686846628, -24.209566589213097 ] }, "geometry": { "type": "Polygon", "coordinates": [ [ [ -57.384705423856687, -24.2393551446035 ], [ -57.384705423856687, -24.209566589213097 ], [ -57.354916868466283, -24.209566589213097 ], [ -57.354916868466283, -24.2393551446035 ], [ -57.384705423856687, -24.2393551446035 ] ] ] } },
{ "type": "Feature", "properties": { "Event": "Paraguay", "Chip_ID": "PRY_24_43", "Image Source": "PS", "PS_href": "../../../../Paraguay/PS/PRY_24_43.tif", "labels_href": "../../../../Paraguay/labels/PRY_24_43.tif", "bbox": [ -57.35491686846629, -24.358509366165112, -57.325128313075886, -24.32872081077471 ] }, "geometry": { "type": "Polygon", "coordinates": [ [ [ -57.35491686846629, -24.358509366165112 ], [ -57.35491686846629, -24.328720810774708 ], [ -57.325128313075886, -24.328720810774708 ], [ -57.325128313075886, -24.358509366165112 ], [ -57.35491686846629, -24.358509366165112 ] ] ] } },
{ "type": "Feature", "properties": { "Event": "Paraguay", "Chip_ID": "PRY_27_24", "Image Source": "PS", "PS_href": "../../../../Paraguay/PS/PRY_27_24.tif", "labels_href": "../../../../Paraguay/labels/PRY_27_24.tif", "bbox": [ -57.26555120229508, -23.792526813747465, -57.235762646904675, -23.76273825835706 ] }, "geometry": { "type": "Polygon", "coordinates": [ [ [ -57.265551202295079, -23.792526813747465 ], [ -57.265551202295079, -23.762738258357061 ], [ -57.235762646904675, -23.762738258357061 ], [ -57.235762646904675, -23.792526813747465 ], [ -57.265551202295079, -23.792526813747465 ] ] ] } },
{ "type": "Feature", "properties": { "Event": "Paraguay", "Chip_ID": "PRY_28_32", "Image Source": "PS", "PS_href": "../../../../Paraguay/PS/PRY_28_32.tif", "labels_href": "../../../../Paraguay/labels/PRY_28_32.tif", "bbox": [ -57.235762646904675, -24.030835256870684, -57.20597409151427, -24.00104670148028 ] }, "geometry": { "type": "Polygon", "coordinates": [ [ [ -57.235762646904675, -24.030835256870684 ], [ -57.235762646904675, -24.001046701480281 ], [ -57.205974091514271, -24.001046701480281 ], [ -57.205974091514271, -24.030835256870684 ], [ -57.235762646904675, -24.030835256870684 ] ] ] } },
{ "type": "Feature", "properties": { "Event": "Paraguay", "Chip_ID": "PRY_34_51", "Image Source": "PS", "PS_href": "../../../../Paraguay/PS/PRY_34_51.tif", "labels_href": "../../../../Paraguay/labels/PRY_34_51.tif", "bbox": [ -57.05703131456226, -24.596817809288332, -57.027242759171855, -24.56702925389793 ] }, "geometry": { "type": "Polygon", "coordinates": [ [ [ -57.057031314562259, -24.596817809288332 ], [ -57.057031314562259, -24.567029253897928 ], [ -57.027242759171855, -24.567029253897928 ], [ -57.027242759171855, -24.596817809288332 ], [ -57.057031314562259, -24.596817809288332 ] ] ] } },
{ "type": "Feature", "properties": { "Event": "Paraguay", "Chip_ID": "PRY_35_44", "Image Source": "PS", "PS_href": "../../../../Paraguay/PS/PRY_35_44.tif", "labels_href": "../../../../Paraguay/labels/PRY_35_44.tif", "bbox": [ -57.02724275917186, -24.388297921555512, -56.99745420378146, -24.35850936616511 ] }, "geometry": { "type": "Polygon", "coordinates": [ [ [ -57.027242759171862, -24.388297921555512 ], [ -57.027242759171862, -24.358509366165109 ], [ -56.997454203781459, -24.358509366165109 ], [ -56.997454203781459, -24.388297921555512 ], [ -57.027242759171862, -24.388297921555512 ] ] ] } },
{ "type": "Feature", "properties": { "Event": "Paraguay", "Chip_ID": "PRY_48_7", "Image Source": "PS", "PS_href": "../../../../Paraguay/PS/PRY_48_7.tif", "labels_href": "../../../../Paraguay/labels/PRY_48_7.tif", "bbox": [ -56.63999153909663, -23.28612137211062, -56.61020298370622, -23.256332816720217 ] }, "geometry": { "type": "Polygon", "coordinates": [ [ [ -56.639991539096627, -23.286121372110621 ], [ -56.639991539096627, -23.256332816720217 ], [ -56.610202983706223, -23.256332816720217 ], [ -56.610202983706223, -23.286121372110621 ], [ -56.639991539096627, -23.286121372110621 ] ] ] } },
{ "type": "Feature", "properties": { "Event": "Paraguay", "Chip_ID": "PRY_9_54", "Image Source": "PS", "PS_href": "../../../../Paraguay/PS/PRY_9_54.tif", "labels_href": "../../../../Paraguay/labels/PRY_9_54.tif", "bbox": [ -57.801745199322326, -24.68618347545954, -57.77195664393192, -24.656394920069136 ] }, "geometry": { "type": "Polygon", "coordinates": [ [ [ -57.801745199322326, -24.68618347545954 ], [ -57.801745199322326, -24.656394920069136 ], [ -57.771956643931922, -24.656394920069136 ], [ -57.771956643931922, -24.68618347545954 ], [ -57.801745199322326, -24.68618347545954 ] ] ] } },
{ "type": "Feature", "properties": { "Event": "Somalia", "Chip_ID": "SOM_10_19", "Image Source": "PS", "PS_href": "../../../../Somalia/PS/SOM_10_19.tif", "labels_href": "../../../../Somalia/labels/SOM_10_19.tif", "bbox": [ 45.2000865608944, 4.642725916815637, 45.22777699581412, 4.670416351735355 ] }, "geometry": { "type": "Polygon", "coordinates": [ [ [ 45.200086560894398, 4.642725916815637 ], [ 45.200086560894398, 4.670416351735355 ], [ 45.227776995814118, 4.670416351735355 ], [ 45.227776995814118, 4.642725916815637 ], [ 45.200086560894398, 4.642725916815637 ] ] ] } },
{ "type": "Feature", "properties": { "Event": "Somalia", "Chip_ID": "SOM_11_22", "Image Source": "PS", "PS_href": "../../../../Somalia/PS/SOM_11_22.tif", "labels_href": "../../../../Somalia/labels/SOM_11_22.tif", "bbox": [ 45.22777699581412, 4.559654612056485, 45.25546743073384, 4.5873450469762025 ] }, "geometry": { "type": "Polygon", "coordinates": [ [ [ 45.227776995814118, 4.559654612056485 ], [ 45.227776995814118, 4.587345046976202 ], [ 45.255467430733837, 4.587345046976202 ], [ 45.255467430733837, 4.559654612056485 ], [ 45.227776995814118, 4.559654612056485 ] ] ] } },
{ "type": "Feature", "properties": { "Event": "Somalia", "Chip_ID": "SOM_13_26", "Image Source": "PS", "PS_href": "../../../../Somalia/PS/SOM_13_26.tif", "labels_href": "../../../../Somalia/labels/SOM_13_26.tif", "bbox": [ 45.28315786565355, 4.448892872377615, 45.31084830057327, 4.476583307297333 ] }, "geometry": { "type": "Polygon", "coordinates": [ [ [ 45.28315786565355, 4.448892872377615 ], [ 45.28315786565355, 4.476583307297333 ], [ 45.310848300573269, 4.476583307297333 ], [ 45.310848300573269, 4.448892872377615 ], [ 45.28315786565355, 4.448892872377615 ] ] ] } },
{ "type": "Feature", "properties": { "Event": "Somalia", "Chip_ID": "SOM_14_21", "Image Source": "PS", "PS_href": "../../../../Somalia/PS/SOM_14_21.tif", "labels_href": "../../../../Somalia/labels/SOM_14_21.tif", "bbox": [ 45.31084830057327, 4.5873450469762025, 45.33853873549299, 4.61503548189592 ] }, "geometry": { "type": "Polygon", "coordinates": [ [ [ 45.310848300573269, 4.587345046976202 ], [ 45.310848300573269, 4.61503548189592 ], [ 45.338538735492989, 4.61503548189592 ], [ 45.338538735492989, 4.587345046976202 ], [ 45.310848300573269, 4.587345046976202 ] ] ] } },
{ "type": "Feature", "properties": { "Event": "Somalia", "Chip_ID": "SOM_17_34", "Image Source": "PS", "PS_href": "../../../../Somalia/PS/SOM_17_34.tif", "labels_href": "../../../../Somalia/labels/SOM_17_34.tif", "bbox": [ 45.39391960533242, 4.227369393019876, 45.42161004025214, 4.2550598279395935 ] }, "geometry": { "type": "Polygon", "coordinates": [ [ [ 45.393919605332421, 4.227369393019876 ], [ 45.393919605332421, 4.255059827939593 ], [ 45.421610040252141, 4.255059827939593 ], [ 45.421610040252141, 4.227369393019876 ], [ 45.393919605332421, 4.227369393019876 ] ] ] } },
{ "type": "Feature", "properties": { "Event": "Somalia", "Chip_ID": "SOM_18_36", "Image Source": "PS", "PS_href": "../../../../Somalia/PS/SOM_18_36.tif", "labels_href": "../../../../Somalia/labels/SOM_18_36.tif", "bbox": [ 45.42161004025214, 4.171988523180441, 45.44930047517186, 4.199678958100159 ] }, "geometry": { "type": "Polygon", "coordinates": [ [ [ 45.421610040252141, 4.171988523180441 ], [ 45.421610040252141, 4.199678958100159 ], [ 45.44930047517186, 4.199678958100159 ], [ 45.44930047517186, 4.171988523180441 ], [ 45.421610040252141, 4.171988523180441 ] ] ] } },
{ "type": "Feature", "properties": { "Event": "Somalia", "Chip_ID": "SOM_18_79", "Image Source": "PS", "PS_href": "../../../../Somalia/PS/SOM_18_79.tif", "labels_href": "../../../../Somalia/labels/SOM_18_79.tif", "bbox": [ 45.42161004025214, 2.981299821632592, 45.44930047517186, 3.0089902565523095 ] }, "geometry": { "type": "Polygon", "coordinates": [ [ [ 45.421610040252141, 2.981299821632592 ], [ 45.421610040252141, 3.008990256552309 ], [ 45.44930047517186, 3.008990256552309 ], [ 45.44930047517186, 2.981299821632592 ], [ 45.421610040252141, 2.981299821632592 ] ] ] } },
{ "type": "Feature", "properties": { "Event": "Somalia", "Chip_ID": "SOM_20_44", "Image Source": "PS", "PS_href": "../../../../Somalia/PS/SOM_20_44.tif", "labels_href": "../../../../Somalia/labels/SOM_20_44.tif", "bbox": [ 45.47699091009157, 3.950465043822702, 45.50468134501129, 3.978155478742419 ] }, "geometry": { "type": "Polygon", "coordinates": [ [ [ 45.476990910091573, 3.950465043822702 ], [ 45.476990910091573, 3.978155478742419 ], [ 45.504681345011292, 3.978155478742419 ], [ 45.504681345011292, 3.950465043822702 ], [ 45.476990910091573, 3.950465043822702 ] ] ] } },
{ "type": "Feature", "properties": { "Event": "Somalia", "Chip_ID": "SOM_20_71", "Image Source": "PS", "PS_href": "../../../../Somalia/PS/SOM_20_71.tif", "labels_href": "../../../../Somalia/labels/SOM_20_71.tif", "bbox": [ 45.47699091009157, 3.2028233009903313, 45.50468134501129, 3.2305137359100486 ] }, "geometry": { "type": "Polygon", "coordinates": [ [ [ 45.476990910091573, 3.202823300990331 ], [ 45.476990910091573, 3.230513735910049 ], [ 45.504681345011292, 3.230513735910049 ], [ 45.504681345011292, 3.202823300990331 ], [ 45.476990910091573, 3.202823300990331 ] ] ] } },
{ "type": "Feature", "properties": { "Event": "Somalia", "Chip_ID": "SOM_21_41", "Image Source": "PS", "PS_href": "../../../../Somalia/PS/SOM_21_41.tif", "labels_href": "../../../../Somalia/labels/SOM_21_41.tif", "bbox": [ 45.50468134501129, 4.033536348581854, 45.53237177993101, 4.061226783501572 ] }, "geometry": { "type": "Polygon", "coordinates": [ [ [ 45.504681345011292, 4.033536348581854 ], [ 45.504681345011292, 4.061226783501572 ], [ 45.532371779931012, 4.061226783501572 ], [ 45.532371779931012, 4.033536348581854 ], [ 45.504681345011292, 4.033536348581854 ] ] ] } },
{ "type": "Feature", "properties": { "Event": "Somalia", "Chip_ID": "SOM_21_78", "Image Source": "PS", "PS_href": "../../../../Somalia/PS/SOM_21_78.tif", "labels_href": "../../../../Somalia/labels/SOM_21_78.tif", "bbox": [ 45.50468134501129, 3.0089902565523095, 45.53237177993101, 3.036680691472027 ] }, "geometry": { "type": "Polygon", "coordinates": [ [ [ 45.504681345011292, 3.008990256552309 ], [ 45.504681345011292, 3.036680691472027 ], [ 45.532371779931012, 3.036680691472027 ], [ 45.532371779931012, 3.008990256552309 ], [ 45.504681345011292, 3.008990256552309 ] ] ] } },
{ "type": "Feature", "properties": { "Event": "Somalia", "Chip_ID": "SOM_22_88", "Image Source": "PS", "PS_href": "../../../../Somalia/PS/SOM_22_88.tif", "labels_href": "../../../../Somalia/labels/SOM_22_88.tif", "bbox": [ 45.532371779931005, 2.732085907355135, 45.560062214850724, 2.7597763422748525 ] }, "geometry": { "type": "Polygon", "coordinates": [ [ [ 45.532371779931005, 2.732085907355135 ], [ 45.532371779931005, 2.759776342274852 ], [ 45.560062214850724, 2.759776342274852 ], [ 45.560062214850724, 2.732085907355135 ], [ 45.532371779931005, 2.732085907355135 ] ] ] } },
{ "type": "Feature", "properties": { "Event": "Somalia", "Chip_ID": "SOM_23_68", "Image Source": "PS", "PS_href": "../../../../Somalia/PS/SOM_23_68.tif", "labels_href": "../../../../Somalia/labels/SOM_23_68.tif", "bbox": [ 45.560062214850724, 3.2858946057494838, 45.587752649770444, 3.313585040669201 ] }, "geometry": { "type": "Polygon", "coordinates": [ [ [ 45.560062214850724, 3.285894605749484 ], [ 45.560062214850724, 3.313585040669201 ], [ 45.587752649770444, 3.313585040669201 ], [ 45.587752649770444, 3.285894605749484 ], [ 45.560062214850724, 3.285894605749484 ] ] ] } },
{ "type": "Feature", "properties": { "Event": "Somalia", "Chip_ID": "SOM_23_73", "Image Source": "PS", "PS_href": "../../../../Somalia/PS/SOM_23_73.tif", "labels_href": "../../../../Somalia/labels/SOM_23_73.tif", "bbox": [ 45.560062214850724, 3.1474424311508966, 45.587752649770444, 3.175132866070614 ] }, "geometry": { "type": "Polygon", "coordinates": [ [ [ 45.560062214850724, 3.147442431150897 ], [ 45.560062214850724, 3.175132866070614 ], [ 45.587752649770444, 3.175132866070614 ], [ 45.587752649770444, 3.147442431150897 ], [ 45.560062214850724, 3.147442431150897 ] ] ] } },
{ "type": "Feature", "properties": { "Event": "Somalia", "Chip_ID": "SOM_23_92", "Image Source": "PS", "PS_href": "../../../../Somalia/PS/SOM_23_92.tif", "labels_href": "../../../../Somalia/labels/SOM_23_92.tif", "bbox": [ 45.560062214850724, 2.6213241676762653, 45.587752649770444, 2.6490146025959826 ] }, "geometry": { "type": "Polygon", "coordinates": [ [ [ 45.560062214850724, 2.621324167676265 ], [ 45.560062214850724, 2.649014602595983 ], [ 45.587752649770444, 2.649014602595983 ], [ 45.587752649770444, 2.621324167676265 ], [ 45.560062214850724, 2.621324167676265 ] ] ] } },
{ "type": "Feature", "properties": { "Event": "Somalia", "Chip_ID": "SOM_24_65", "Image Source": "PS", "PS_href": "../../../../Somalia/PS/SOM_24_65.tif", "labels_href": "../../../../Somalia/labels/SOM_24_65.tif", "bbox": [ 45.587752649770444, 3.3689659105086363, 45.61544308469016, 3.3966563454283536 ] }, "geometry": { "type": "Polygon", "coordinates": [ [ [ 45.587752649770444, 3.368965910508636 ], [ 45.587752649770444, 3.396656345428354 ], [ 45.615443084690163, 3.396656345428354 ], [ 45.615443084690163, 3.368965910508636 ], [ 45.587752649770444, 3.368965910508636 ] ] ] } },
{ "type": "Feature", "properties": { "Event": "Somalia", "Chip_ID": "SOM_24_83", "Image Source": "PS", "PS_href": "../../../../Somalia/PS/SOM_24_83.tif", "labels_href": "../../../../Somalia/labels/SOM_24_83.tif", "bbox": [ 45.587752649770444, 2.8705380819537223, 45.61544308469016, 2.8982285168734396 ] }, "geometry": { "type": "Polygon", "coordinates": [ [ [ 45.587752649770444, 2.870538081953722 ], [ 45.587752649770444, 2.89822851687344 ], [ 45.615443084690163, 2.89822851687344 ], [ 45.615443084690163, 2.870538081953722 ], [ 45.587752649770444, 2.870538081953722 ] ] ] } },
{ "type": "Feature", "properties": { "Event": "Somalia", "Chip_ID": "SOM_26_62", "Image Source": "PS", "PS_href": "../../../../Somalia/PS/SOM_26_62.tif", "labels_href": "../../../../Somalia/labels/SOM_26_62.tif", "bbox": [ 45.643133519609876, 3.4520372152677883, 45.670823954529595, 3.4797276501875056 ] }, "geometry": { "type": "Polygon", "coordinates": [ [ [ 45.643133519609876, 3.452037215267788 ], [ 45.643133519609876, 3.479727650187506 ], [ 45.670823954529595, 3.479727650187506 ], [ 45.670823954529595, 3.452037215267788 ], [ 45.643133519609876, 3.452037215267788 ] ] ] } },
{ "type": "Feature", "properties": { "Event": "Somalia", "Chip_ID": "SOM_8_12", "Image Source": "PS", "PS_href": "../../../../Somalia/PS/SOM_8_12.tif", "labels_href": "../../../../Somalia/labels/SOM_8_12.tif", "bbox": [ 45.144705691054966, 4.836558961253659, 45.172396125974686, 4.864249396173377 ] }, "geometry": { "type": "Polygon", "coordinates": [ [ [ 45.144705691054966, 4.836558961253659 ], [ 45.144705691054966, 4.864249396173377 ], [ 45.172396125974686, 4.864249396173377 ], [ 45.172396125974686, 4.836558961253659 ], [ 45.144705691054966, 4.836558961253659 ] ] ] } },
{ "type": "Feature", "properties": { "Event": "Somalia", "Chip_ID": "SOM_8_94", "Image Source": "PS", "PS_href": "../../../../Somalia/PS/SOM_8_94.tif", "labels_href": "../../../../Somalia/labels/SOM_8_94.tif", "bbox": [ 45.144705691054966, 2.5659432978368306, 45.172396125974686, 2.593633732756548 ] }, "geometry": { "type": "Polygon", "coordinates": [ [ [ 45.144705691054966, 2.565943297836831 ], [ 45.144705691054966, 2.593633732756548 ], [ 45.172396125974686, 2.593633732756548 ], [ 45.172396125974686, 2.565943297836831 ], [ 45.144705691054966, 2.565943297836831 ] ] ] } },
{ "type": "Feature", "properties": { "Event": "Spain", "Chip_ID": "ESP_1746", "Image Source": "PS", "PS_href": "../../../../Spain/PS/ESP_1746.tif", "labels_href": "../../../../Spain/labels/ESP_1746.tif", "bbox": [ -0.7916863219049456, 38.19946103505609, -0.7582396405636911, 38.23290771639734 ] }, "geometry": { "type": "Polygon", "coordinates": [ [ [ -0.791686321904946, 38.199461035056089 ], [ -0.791686321904946, 38.232907716397342 ], [ -0.758239640563691, 38.232907716397342 ], [ -0.758239640563691, 38.199461035056089 ], [ -0.791686321904946, 38.199461035056089 ] ] ] } },
{ "type": "Feature", "properties": { "Event": "Spain", "Chip_ID": "ESP_1747", "Image Source": "PS", "PS_href": "../../../../Spain/PS/ESP_1747.tif", "labels_href": "../../../../Spain/labels/ESP_1747.tif", "bbox": [ -0.7582396405636911, 38.19946103505609, -0.7247929592224366, 38.23290771639734 ] }, "geometry": { "type": "Polygon", "coordinates": [ [ [ -0.758239640563691, 38.199461035056089 ], [ -0.758239640563691, 38.232907716397342 ], [ -0.724792959222437, 38.232907716397342 ], [ -0.724792959222437, 38.199461035056089 ], [ -0.758239640563691, 38.199461035056089 ] ] ] } },
{ "type": "Feature", "properties": { "Event": "Spain", "Chip_ID": "ESP_1751", "Image Source": "PS", "PS_href": "../../../../Spain/PS/ESP_1751.tif", "labels_href": "../../../../Spain/labels/ESP_1751.tif", "bbox": [ -0.624452915198673, 38.19946103505609, -0.5910062338574185, 38.23290771639734 ] }, "geometry": { "type": "Polygon", "coordinates": [ [ [ -0.624452915198673, 38.199461035056089 ], [ -0.624452915198673, 38.232907716397342 ], [ -0.591006233857418, 38.232907716397342 ], [ -0.591006233857418, 38.199461035056089 ], [ -0.624452915198673, 38.199461035056089 ] ] ] } },
{ "type": "Feature", "properties": { "Event": "Spain", "Chip_ID": "ESP_1794", "Image Source": "PS", "PS_href": "../../../../Spain/PS/ESP_1794.tif", "labels_href": "../../../../Spain/labels/ESP_1794.tif", "bbox": [ -0.8920263659287092, 38.166014353714836, -0.8585796845874547, 38.19946103505609 ] }, "geometry": { "type": "Polygon", "coordinates": [ [ [ -0.892026365928709, 38.166014353714836 ], [ -0.892026365928709, 38.199461035056089 ], [ -0.858579684587455, 38.199461035056089 ], [ -0.858579684587455, 38.166014353714836 ], [ -0.892026365928709, 38.166014353714836 ] ] ] } },
{ "type": "Feature", "properties": { "Event": "Spain", "Chip_ID": "ESP_1795", "Image Source": "PS", "PS_href": "../../../../Spain/PS/ESP_1795.tif", "labels_href": "../../../../Spain/labels/ESP_1795.tif", "bbox": [ -0.8585796845874547, 38.166014353714836, -0.8251330032462002, 38.19946103505609 ] }, "geometry": { "type": "Polygon", "coordinates": [ [ [ -0.858579684587455, 38.166014353714836 ], [ -0.858579684587455, 38.199461035056089 ], [ -0.8251330032462, 38.199461035056089 ], [ -0.8251330032462, 38.166014353714836 ], [ -0.858579684587455, 38.166014353714836 ] ] ] } },
{ "type": "Feature", "properties": { "Event": "Spain", "Chip_ID": "ESP_1796", "Image Source": "PS", "PS_href": "../../../../Spain/PS/ESP_1796.tif", "labels_href": "../../../../Spain/labels/ESP_1796.tif", "bbox": [ -0.8251330032462001, 38.166014353714836, -0.7916863219049456, 38.19946103505609 ] }, "geometry": { "type": "Polygon", "coordinates": [ [ [ -0.8251330032462, 38.166014353714836 ], [ -0.8251330032462, 38.199461035056089 ], [ -0.791686321904946, 38.199461035056089 ], [ -0.791686321904946, 38.166014353714836 ], [ -0.8251330032462, 38.166014353714836 ] ] ] } },
{ "type": "Feature", "properties": { "Event": "Spain", "Chip_ID": "ESP_1797", "Image Source": "PS", "PS_href": "../../../../Spain/PS/ESP_1797.tif", "labels_href": "../../../../Spain/labels/ESP_1797.tif", "bbox": [ -0.7916863219049456, 38.166014353714836, -0.7582396405636911, 38.19946103505609 ] }, "geometry": { "type": "Polygon", "coordinates": [ [ [ -0.791686321904946, 38.166014353714836 ], [ -0.791686321904946, 38.199461035056089 ], [ -0.758239640563691, 38.199461035056089 ], [ -0.758239640563691, 38.166014353714836 ], [ -0.791686321904946, 38.166014353714836 ] ] ] } },
{ "type": "Feature", "properties": { "Event": "Spain", "Chip_ID": "ESP_1846", "Image Source": "PS", "PS_href": "../../../../Spain/PS/ESP_1846.tif", "labels_href": "../../../../Spain/labels/ESP_1846.tif", "bbox": [ -0.8585796845874547, 38.13256767237358, -0.8251330032462002, 38.166014353714836 ] }, "geometry": { "type": "Polygon", "coordinates": [ [ [ -0.858579684587455, 38.132567672373582 ], [ -0.858579684587455, 38.166014353714836 ], [ -0.8251330032462, 38.166014353714836 ], [ -0.8251330032462, 38.132567672373582 ], [ -0.858579684587455, 38.132567672373582 ] ] ] } },
{ "type": "Feature", "properties": { "Event": "Spain", "Chip_ID": "ESP_1847", "Image Source": "PS", "PS_href": "../../../../Spain/PS/ESP_1847.tif", "labels_href": "../../../../Spain/labels/ESP_1847.tif", "bbox": [ -0.8251330032462001, 38.13256767237358, -0.7916863219049456, 38.166014353714836 ] }, "geometry": { "type": "Polygon", "coordinates": [ [ [ -0.8251330032462, 38.132567672373582 ], [ -0.8251330032462, 38.166014353714836 ], [ -0.791686321904946, 38.166014353714836 ], [ -0.791686321904946, 38.132567672373582 ], [ -0.8251330032462, 38.132567672373582 ] ] ] } },
{ "type": "Feature", "properties": { "Event": "Spain", "Chip_ID": "ESP_1848", "Image Source": "PS", "PS_href": "../../../../Spain/PS/ESP_1848.tif", "labels_href": "../../../../Spain/labels/ESP_1848.tif", "bbox": [ -0.7916863219049456, 38.13256767237358, -0.7582396405636911, 38.166014353714836 ] }, "geometry": { "type": "Polygon", "coordinates": [ [ [ -0.791686321904946, 38.132567672373582 ], [ -0.791686321904946, 38.166014353714836 ], [ -0.758239640563691, 38.166014353714836 ], [ -0.758239640563691, 38.132567672373582 ], [ -0.791686321904946, 38.132567672373582 ] ] ] } },
{ "type": "Feature", "properties": { "Event": "Spain", "Chip_ID": "ESP_1849", "Image Source": "PS", "PS_href": "../../../../Spain/PS/ESP_1849.tif", "labels_href": "../../../../Spain/labels/ESP_1849.tif", "bbox": [ -0.7582396405636911, 38.13256767237358, -0.7247929592224366, 38.166014353714836 ] }, "geometry": { "type": "Polygon", "coordinates": [ [ [ -0.758239640563691, 38.132567672373582 ], [ -0.758239640563691, 38.166014353714836 ], [ -0.724792959222437, 38.166014353714836 ], [ -0.724792959222437, 38.132567672373582 ], [ -0.758239640563691, 38.132567672373582 ] ] ] } },
{ "type": "Feature", "properties": { "Event": "Spain", "Chip_ID": "ESP_1898", "Image Source": "PS", "PS_href": "../../../../Spain/PS/ESP_1898.tif", "labels_href": "../../../../Spain/labels/ESP_1898.tif", "bbox": [ -0.8251330032462001, 38.09912099103233, -0.7916863219049456, 38.13256767237358 ] }, "geometry": { "type": "Polygon", "coordinates": [ [ [ -0.8251330032462, 38.099120991032329 ], [ -0.8251330032462, 38.132567672373582 ], [ -0.791686321904946, 38.132567672373582 ], [ -0.791686321904946, 38.099120991032329 ], [ -0.8251330032462, 38.099120991032329 ] ] ] } },
{ "type": "Feature", "properties": { "Event": "Spain", "Chip_ID": "ESP_1899", "Image Source": "PS", "PS_href": "../../../../Spain/PS/ESP_1899.tif", "labels_href": "../../../../Spain/labels/ESP_1899.tif", "bbox": [ -0.7916863219049456, 38.09912099103233, -0.7582396405636911, 38.13256767237358 ] }, "geometry": { "type": "Polygon", "coordinates": [ [ [ -0.791686321904946, 38.099120991032329 ], [ -0.791686321904946, 38.132567672373582 ], [ -0.758239640563691, 38.132567672373582 ], [ -0.758239640563691, 38.099120991032329 ], [ -0.791686321904946, 38.099120991032329 ] ] ] } },
{ "type": "Feature", "properties": { "Event": "Spain", "Chip_ID": "ESP_1900", "Image Source": "PS", "PS_href": "../../../../Spain/PS/ESP_1900.tif", "labels_href": "../../../../Spain/labels/ESP_1900.tif", "bbox": [ -0.7582396405636911, 38.09912099103233, -0.7247929592224366, 38.13256767237358 ] }, "geometry": { "type": "Polygon", "coordinates": [ [ [ -0.758239640563691, 38.099120991032329 ], [ -0.758239640563691, 38.132567672373582 ], [ -0.724792959222437, 38.132567672373582 ], [ -0.724792959222437, 38.099120991032329 ], [ -0.758239640563691, 38.099120991032329 ] ] ] } },
{ "type": "Feature", "properties": { "Event": "Spain", "Chip_ID": "ESP_1946", "Image Source": "PS", "PS_href": "../../../../Spain/PS/ESP_1946.tif", "labels_href": "../../../../Spain/labels/ESP_1946.tif", "bbox": [ -0.9254730472699637, 38.06567430969107, -0.8920263659287092, 38.09912099103232 ] }, "geometry": { "type": "Polygon", "coordinates": [ [ [ -0.925473047269964, 38.065674309691069 ], [ -0.925473047269964, 38.099120991032322 ], [ -0.892026365928709, 38.099120991032322 ], [ -0.892026365928709, 38.065674309691069 ], [ -0.925473047269964, 38.065674309691069 ] ] ] } },
{ "type": "Feature", "properties": { "Event": "Spain", "Chip_ID": "ESP_1947", "Image Source": "PS", "PS_href": "../../../../Spain/PS/ESP_1947.tif", "labels_href": "../../../../Spain/labels/ESP_1947.tif", "bbox": [ -0.8920263659287092, 38.06567430969107, -0.8585796845874547, 38.09912099103232 ] }, "geometry": { "type": "Polygon", "coordinates": [ [ [ -0.892026365928709, 38.065674309691069 ], [ -0.892026365928709, 38.099120991032322 ], [ -0.858579684587455, 38.099120991032322 ], [ -0.858579684587455, 38.065674309691069 ], [ -0.892026365928709, 38.065674309691069 ] ] ] } },
{ "type": "Feature", "properties": { "Event": "Spain", "Chip_ID": "ESP_1948", "Image Source": "PS", "PS_href": "../../../../Spain/PS/ESP_1948.tif", "labels_href": "../../../../Spain/labels/ESP_1948.tif", "bbox": [ -0.8585796845874547, 38.06567430969107, -0.8251330032462002, 38.09912099103232 ] }, "geometry": { "type": "Polygon", "coordinates": [ [ [ -0.858579684587455, 38.065674309691069 ], [ -0.858579684587455, 38.099120991032322 ], [ -0.8251330032462, 38.099120991032322 ], [ -0.8251330032462, 38.065674309691069 ], [ -0.858579684587455, 38.065674309691069 ] ] ] } },
{ "type": "Feature", "properties": { "Event": "Spain", "Chip_ID": "ESP_1949", "Image Source": "PS", "PS_href": "../../../../Spain/PS/ESP_1949.tif", "labels_href": "../../../../Spain/labels/ESP_1949.tif", "bbox": [ -0.8251330032462001, 38.06567430969107, -0.7916863219049456, 38.09912099103232 ] }, "geometry": { "type": "Polygon", "coordinates": [ [ [ -0.8251330032462, 38.065674309691069 ], [ -0.8251330032462, 38.099120991032322 ], [ -0.791686321904946, 38.099120991032322 ], [ -0.791686321904946, 38.065674309691069 ], [ -0.8251330032462, 38.065674309691069 ] ] ] } },
{ "type": "Feature", "properties": { "Event": "Spain", "Chip_ID": "ESP_1950", "Image Source": "PS", "PS_href": "../../../../Spain/PS/ESP_1950.tif", "labels_href": "../../../../Spain/labels/ESP_1950.tif", "bbox": [ -0.7916863219049456, 38.06567430969107, -0.7582396405636911, 38.09912099103232 ] }, "geometry": { "type": "Polygon", "coordinates": [ [ [ -0.791686321904946, 38.065674309691069 ], [ -0.791686321904946, 38.099120991032322 ], [ -0.758239640563691, 38.099120991032322 ], [ -0.758239640563691, 38.065674309691069 ], [ -0.791686321904946, 38.065674309691069 ] ] ] } },
{ "type": "Feature", "properties": { "Event": "Spain", "Chip_ID": "ESP_1951", "Image Source": "PS", "PS_href": "../../../../Spain/PS/ESP_1951.tif", "labels_href": "../../../../Spain/labels/ESP_1951.tif", "bbox": [ -0.7582396405636911, 38.06567430969107, -0.7247929592224366, 38.09912099103232 ] }, "geometry": { "type": "Polygon", "coordinates": [ [ [ -0.758239640563691, 38.065674309691069 ], [ -0.758239640563691, 38.099120991032322 ], [ -0.724792959222437, 38.099120991032322 ], [ -0.724792959222437, 38.065674309691069 ], [ -0.758239640563691, 38.065674309691069 ] ] ] } },
{ "type": "Feature", "properties": { "Event": "US-Alabama", "Chip_ID": "NAL_10_14", "Image Source": "PS", "PS_href": "../../../../US-Alabama/PS/NAL_10_14.tif", "labels_href": "../../../../US-Alabama/labels/NAL_10_14.tif", "bbox": [ -88.23405577258737, 35.280118931752675, -88.20155776708285, 35.3126169372572 ] }, "geometry": { "type": "Polygon", "coordinates": [ [ [ -88.234055772587368, 35.280118931752675 ], [ -88.234055772587368, 35.312616937257197 ], [ -88.201557767082846, 35.312616937257197 ], [ -88.201557767082846, 35.280118931752675 ], [ -88.234055772587368, 35.280118931752675 ] ] ] } },
{ "type": "Feature", "properties": { "Event": "US-Alabama", "Chip_ID": "NAL_10_23", "Image Source": "PS", "PS_href": "../../../../US-Alabama/PS/NAL_10_23.tif", "labels_href": "../../../../US-Alabama/labels/NAL_10_23.tif", "bbox": [ -88.23405577258737, 34.98763688221195, -88.20155776708285, 35.02013488771647 ] }, "geometry": { "type": "Polygon", "coordinates": [ [ [ -88.234055772587368, 34.987636882211952 ], [ -88.234055772587368, 35.020134887716473 ], [ -88.201557767082846, 35.020134887716473 ], [ -88.201557767082846, 34.987636882211952 ], [ -88.234055772587368, 34.987636882211952 ] ] ] } },
{ "type": "Feature", "properties": { "Event": "US-Alabama", "Chip_ID": "NAL_14_30", "Image Source": "PS", "PS_href": "../../../../US-Alabama/PS/NAL_14_30.tif", "labels_href": "../../../../US-Alabama/labels/NAL_14_30.tif", "bbox": [ -88.10406375056927, 34.76015084368028, -88.07156574506475, 34.7926488491848 ] }, "geometry": { "type": "Polygon", "coordinates": [ [ [ -88.104063750569267, 34.760150843680279 ], [ -88.104063750569267, 34.7926488491848 ], [ -88.071565745064746, 34.7926488491848 ], [ -88.071565745064746, 34.760150843680279 ], [ -88.104063750569267, 34.760150843680279 ] ] ] } },
{ "type": "Feature", "properties": { "Event": "US-Alabama", "Chip_ID": "NAL_16_10", "Image Source": "PS", "PS_href": "../../../../US-Alabama/PS/NAL_16_10.tif", "labels_href": "../../../../US-Alabama/labels/NAL_16_10.tif", "bbox": [ -88.03906773956021, 35.410110953770776, -88.00656973405569, 35.4426089592753 ] }, "geometry": { "type": "Polygon", "coordinates": [ [ [ -88.03906773956021, 35.410110953770776 ], [ -88.03906773956021, 35.442608959275297 ], [ -88.006569734055688, 35.442608959275297 ], [ -88.006569734055688, 35.410110953770776 ], [ -88.03906773956021, 35.410110953770776 ] ] ] } },
{ "type": "Feature", "properties": { "Event": "US-Alabama", "Chip_ID": "NAL_16_3", "Image Source": "PS", "PS_href": "../../../../US-Alabama/PS/NAL_16_3.tif", "labels_href": "../../../../US-Alabama/labels/NAL_16_3.tif", "bbox": [ -88.03906773956021, 35.637596992302456, -88.00656973405569, 35.67009499780698 ] }, "geometry": { "type": "Polygon", "coordinates": [ [ [ -88.03906773956021, 35.637596992302456 ], [ -88.03906773956021, 35.670094997806977 ], [ -88.006569734055688, 35.670094997806977 ], [ -88.006569734055688, 35.637596992302456 ], [ -88.03906773956021, 35.637596992302456 ] ] ] } },
{ "type": "Feature", "properties": { "Event": "US-Alabama", "Chip_ID": "NAL_17_8", "Image Source": "PS", "PS_href": "../../../../US-Alabama/PS/NAL_17_8.tif", "labels_href": "../../../../US-Alabama/labels/NAL_17_8.tif", "bbox": [ -88.00656973405569, 35.475106964779826, -87.97407172855117, 35.50760497028435 ] }, "geometry": { "type": "Polygon", "coordinates": [ [ [ -88.006569734055688, 35.475106964779826 ], [ -88.006569734055688, 35.507604970284348 ], [ -87.974071728551166, 35.507604970284348 ], [ -87.974071728551166, 35.475106964779826 ], [ -88.006569734055688, 35.475106964779826 ] ] ] } },
{ "type": "Feature", "properties": { "Event": "US-Alabama", "Chip_ID": "NAL_19_38", "Image Source": "PS", "PS_href": "../../../../US-Alabama/PS/NAL_19_38.tif", "labels_href": "../../../../US-Alabama/labels/NAL_19_38.tif", "bbox": [ -87.94157372304664, 34.50016679964408, -87.90907571754212, 34.5326648051486 ] }, "geometry": { "type": "Polygon", "coordinates": [ [ [ -87.941573723046645, 34.500166799644077 ], [ -87.941573723046645, 34.532664805148599 ], [ -87.909075717542123, 34.532664805148599 ], [ -87.909075717542123, 34.500166799644077 ], [ -87.941573723046645, 34.500166799644077 ] ] ] } },
{ "type": "Feature", "properties": { "Event": "US-Alabama", "Chip_ID": "NAL_22_31", "Image Source": "PS", "PS_href": "../../../../US-Alabama/PS/NAL_22_31.tif", "labels_href": "../../../../US-Alabama/labels/NAL_22_31.tif", "bbox": [ -87.84407970653307, 34.72765283817575, -87.81158170102854, 34.76015084368027 ] }, "geometry": { "type": "Polygon", "coordinates": [ [ [ -87.844079706533066, 34.72765283817575 ], [ -87.844079706533066, 34.760150843680272 ], [ -87.811581701028544, 34.760150843680272 ], [ -87.811581701028544, 34.72765283817575 ], [ -87.844079706533066, 34.72765283817575 ] ] ] } },
{ "type": "Feature", "properties": { "Event": "US-Alabama", "Chip_ID": "NAL_24_31", "Image Source": "PS", "PS_href": "../../../../US-Alabama/PS/NAL_24_31.tif", "labels_href": "../../../../US-Alabama/labels/NAL_24_31.tif", "bbox": [ -87.77908369552401, 34.72765283817575, -87.74658569001949, 34.76015084368027 ] }, "geometry": { "type": "Polygon", "coordinates": [ [ [ -87.779083695524008, 34.72765283817575 ], [ -87.779083695524008, 34.760150843680272 ], [ -87.746585690019486, 34.760150843680272 ], [ -87.746585690019486, 34.72765283817575 ], [ -87.779083695524008, 34.72765283817575 ] ] ] } },
{ "type": "Feature", "properties": { "Event": "US-Alabama", "Chip_ID": "NAL_27_45", "Image Source": "PS", "PS_href": "../../../../US-Alabama/PS/NAL_27_45.tif", "labels_href": "../../../../US-Alabama/labels/NAL_27_45.tif", "bbox": [ -87.68158967901044, 34.272680761112404, -87.64909167350592, 34.305178766616926 ] }, "geometry": { "type": "Polygon", "coordinates": [ [ [ -87.681589679010443, 34.272680761112404 ], [ -87.681589679010443, 34.305178766616926 ], [ -87.649091673505922, 34.305178766616926 ], [ -87.649091673505922, 34.272680761112404 ], [ -87.681589679010443, 34.272680761112404 ] ] ] } },
{ "type": "Feature", "properties": { "Event": "US-Alabama", "Chip_ID": "NAL_31_29", "Image Source": "PS", "PS_href": "../../../../US-Alabama/PS/NAL_31_29.tif", "labels_href": "../../../../US-Alabama/labels/NAL_31_29.tif", "bbox": [ -87.55159765699234, 34.7926488491848, -87.51909965148782, 34.82514685468932 ] }, "geometry": { "type": "Polygon", "coordinates": [ [ [ -87.551597656992342, 34.7926488491848 ], [ -87.551597656992342, 34.825146854689322 ], [ -87.519099651487821, 34.825146854689322 ], [ -87.519099651487821, 34.7926488491848 ], [ -87.551597656992342, 34.7926488491848 ] ] ] } },
{ "type": "Feature", "properties": { "Event": "US-Alabama", "Chip_ID": "NAL_7_36", "Image Source": "PS", "PS_href": "../../../../US-Alabama/PS/NAL_7_36.tif", "labels_href": "../../../../US-Alabama/labels/NAL_7_36.tif", "bbox": [ -88.33154978910093, 34.56516281065313, -88.29905178359641, 34.59766081615765 ] }, "geometry": { "type": "Polygon", "coordinates": [ [ [ -88.331549789100933, 34.565162810653128 ], [ -88.331549789100933, 34.597660816157649 ], [ -88.299051783596411, 34.597660816157649 ], [ -88.299051783596411, 34.565162810653128 ], [ -88.331549789100933, 34.565162810653128 ] ] ] } },
{ "type": "Feature", "properties": { "Event": "US-Alabama", "Chip_ID": "NAL_8_16", "Image Source": "PS", "PS_href": "../../../../US-Alabama/PS/NAL_8_16.tif", "labels_href": "../../../../US-Alabama/labels/NAL_8_16.tif", "bbox": [ -88.29905178359641, 35.215122920743624, -88.26655377809189, 35.247620926248146 ] }, "geometry": { "type": "Polygon", "coordinates": [ [ [ -88.299051783596411, 35.215122920743624 ], [ -88.299051783596411, 35.247620926248146 ], [ -88.26655377809189, 35.247620926248146 ], [ -88.26655377809189, 35.215122920743624 ], [ -88.299051783596411, 35.215122920743624 ] ] ] } },
{ "type": "Feature", "properties": { "Event": "US-Alabama", "Chip_ID": "NAL_90_47", "Image Source": "PS", "PS_href": "../../../../US-Alabama/PS/NAL_90_47.tif", "labels_href": "../../../../US-Alabama/labels/NAL_90_47.tif", "bbox": [ -85.63421533222537, 34.207684750103354, -85.60171732672084, 34.240182755607876 ] }, "geometry": { "type": "Polygon", "coordinates": [ [ [ -85.634215332225367, 34.207684750103354 ], [ -85.634215332225367, 34.240182755607876 ], [ -85.601717326720845, 34.240182755607876 ], [ -85.601717326720845, 34.207684750103354 ], [ -85.634215332225367, 34.207684750103354 ] ] ] } },
{ "type": "Feature", "properties": { "Event": "US-Alabama", "Chip_ID": "NAL_92_47", "Image Source": "PS", "PS_href": "../../../../US-Alabama/PS/NAL_92_47.tif", "labels_href": "../../../../US-Alabama/labels/NAL_92_47.tif", "bbox": [ -85.56921932121631, 34.207684750103354, -85.53672131571179, 34.240182755607876 ] }, "geometry": { "type": "Polygon", "coordinates": [ [ [ -85.569219321216309, 34.207684750103354 ], [ -85.569219321216309, 34.240182755607876 ], [ -85.536721315711787, 34.240182755607876 ], [ -85.536721315711787, 34.207684750103354 ], [ -85.569219321216309, 34.207684750103354 ] ] ] } },
{ "type": "Feature", "properties": { "Event": "US-Alabama", "Chip_ID": "NAL_94_21", "Image Source": "PS", "PS_href": "../../../../US-Alabama/PS/NAL_94_21.tif", "labels_href": "../../../../US-Alabama/labels/NAL_94_21.tif", "bbox": [ -85.50422331020727, 35.052632893221, -85.47172530470274, 35.085130898725524 ] }, "geometry": { "type": "Polygon", "coordinates": [ [ [ -85.504223310207266, 35.052632893221002 ], [ -85.504223310207266, 35.085130898725524 ], [ -85.471725304702744, 35.085130898725524 ], [ -85.471725304702744, 35.052632893221002 ], [ -85.504223310207266, 35.052632893221002 ] ] ] } },
{ "type": "Feature", "properties": { "Event": "US-Arkansas", "Chip_ID": "LIT_5_2", "Image Source": "PS", "PS_href": "../../../../US-Arkansas/PS/LIT_5_2.tif", "labels_href": "../../../../US-Arkansas/labels/LIT_5_2.tif", "bbox": [ -92.37069938847691, 34.798774045813346, -92.3382299255242, 34.83124350876604 ] }, "geometry": { "type": "Polygon", "coordinates": [ [ [ -92.370699388476908, 34.798774045813346 ], [ -92.370699388476908, 34.831243508766043 ], [ -92.338229925524203, 34.831243508766043 ], [ -92.338229925524203, 34.798774045813346 ], [ -92.370699388476908, 34.798774045813346 ] ] ] } },
{ "type": "Feature", "properties": { "Event": "US-Arkansas", "Chip_ID": "LIT_5_3", "Image Source": "PS", "PS_href": "../../../../US-Arkansas/PS/LIT_5_3.tif", "labels_href": "../../../../US-Arkansas/labels/LIT_5_3.tif", "bbox": [ -92.37069938847691, 34.76630458286065, -92.3382299255242, 34.798774045813346 ] }, "geometry": { "type": "Polygon", "coordinates": [ [ [ -92.370699388476908, 34.766304582860649 ], [ -92.370699388476908, 34.798774045813346 ], [ -92.338229925524203, 34.798774045813346 ], [ -92.338229925524203, 34.766304582860649 ], [ -92.370699388476908, 34.766304582860649 ] ] ] } },
{ "type": "Feature", "properties": { "Event": "US-Arkansas", "Chip_ID": "LIT_6_3", "Image Source": "PS", "PS_href": "../../../../US-Arkansas/PS/LIT_6_3.tif", "labels_href": "../../../../US-Arkansas/labels/LIT_6_3.tif", "bbox": [ -92.33822992552422, 34.76630458286065, -92.30576046257151, 34.798774045813346 ] }, "geometry": { "type": "Polygon", "coordinates": [ [ [ -92.338229925524217, 34.766304582860649 ], [ -92.338229925524217, 34.798774045813346 ], [ -92.305760462571513, 34.798774045813346 ], [ -92.305760462571513, 34.766304582860649 ], [ -92.338229925524217, 34.766304582860649 ] ] ] } },
{ "type": "Feature", "properties": { "Event": "US-Arkansas", "Chip_ID": "LIT_6_5", "Image Source": "PS", "PS_href": "../../../../US-Arkansas/PS/LIT_6_5.tif", "labels_href": "../../../../US-Arkansas/labels/LIT_6_5.tif", "bbox": [ -92.33822992552422, 34.70136565695525, -92.30576046257151, 34.733835119907944 ] }, "geometry": { "type": "Polygon", "coordinates": [ [ [ -92.338229925524217, 34.701365656955247 ], [ -92.338229925524217, 34.733835119907944 ], [ -92.305760462571513, 34.733835119907944 ], [ -92.305760462571513, 34.701365656955247 ], [ -92.338229925524217, 34.701365656955247 ] ] ] } },
{ "type": "Feature", "properties": { "Event": "US-Carolina", "Chip_ID": "FLO_10_16", "Image Source": "PS", "PS_href": "../../../../US-Carolina/PS/FLO_10_16.tif", "labels_href": "../../../../US-Carolina/labels/FLO_10_16.tif", "bbox": [ -79.95254051037983, 34.77573808747371, -79.92022731134696, 34.80805128650659 ] }, "geometry": { "type": "Polygon", "coordinates": [ [ [ -79.952540510379833, 34.775738087473712 ], [ -79.952540510379833, 34.80805128650659 ], [ -79.920227311346963, 34.80805128650659 ], [ -79.920227311346963, 34.775738087473712 ], [ -79.952540510379833, 34.775738087473712 ] ] ] } },
{ "type": "Feature", "properties": { "Event": "US-Carolina", "Chip_ID": "FLO_12_21", "Image Source": "PS", "PS_href": "../../../../US-Carolina/PS/FLO_12_21.tif", "labels_href": "../../../../US-Carolina/labels/FLO_12_21.tif", "bbox": [ -79.88791411231409, 34.61417209230933, -79.85560091328122, 34.64648529134221 ] }, "geometry": { "type": "Polygon", "coordinates": [ [ [ -79.887914112314093, 34.614172092309332 ], [ -79.887914112314093, 34.646485291342209 ], [ -79.855600913281222, 34.646485291342209 ], [ -79.855600913281222, 34.614172092309332 ], [ -79.887914112314093, 34.614172092309332 ] ] ] } },
{ "type": "Feature", "properties": { "Event": "US-Carolina", "Chip_ID": "FLO_13_20", "Image Source": "PS", "PS_href": "../../../../US-Carolina/PS/FLO_13_20.tif", "labels_href": "../../../../US-Carolina/labels/FLO_13_20.tif", "bbox": [ -79.85560091328121, 34.64648529134221, -79.82328771424834, 34.67879849037509 ] }, "geometry": { "type": "Polygon", "coordinates": [ [ [ -79.855600913281208, 34.646485291342209 ], [ -79.855600913281208, 34.678798490375087 ], [ -79.823287714248337, 34.678798490375087 ], [ -79.823287714248337, 34.646485291342209 ], [ -79.855600913281208, 34.646485291342209 ] ] ] } },
{ "type": "Feature", "properties": { "Event": "US-Carolina", "Chip_ID": "FLO_15_26", "Image Source": "PS", "PS_href": "../../../../US-Carolina/PS/FLO_15_26.tif", "labels_href": "../../../../US-Carolina/labels/FLO_15_26.tif", "bbox": [ -79.79097451521545, 34.45260609714496, -79.75866131618258, 34.484919296177836 ] }, "geometry": { "type": "Polygon", "coordinates": [ [ [ -79.790974515215453, 34.452606097144958 ], [ -79.790974515215453, 34.484919296177836 ], [ -79.758661316182582, 34.484919296177836 ], [ -79.758661316182582, 34.452606097144958 ], [ -79.790974515215453, 34.452606097144958 ] ] ] } },
{ "type": "Feature", "properties": { "Event": "US-Carolina", "Chip_ID": "FLO_30_60", "Image Source": "PS", "PS_href": "../../../../US-Carolina/PS/FLO_30_60.tif", "labels_href": "../../../../US-Carolina/labels/FLO_30_60.tif", "bbox": [ -79.30627652972233, 33.35395733002718, -79.27396333068945, 33.386270529060056 ] }, "geometry": { "type": "Polygon", "coordinates": [ [ [ -79.306276529722325, 33.353957330027178 ], [ -79.306276529722325, 33.386270529060056 ], [ -79.273963330689455, 33.386270529060056 ], [ -79.273963330689455, 33.353957330027178 ], [ -79.306276529722325, 33.353957330027178 ] ] ] } },
{ "type": "Feature", "properties": { "Event": "US-Carolina", "Chip_ID": "FLO_33_58", "Image Source": "PS", "PS_href": "../../../../US-Carolina/PS/FLO_33_58.tif", "labels_href": "../../../../US-Carolina/labels/FLO_33_58.tif", "bbox": [ -79.2093369326237, 33.41858372809293, -79.17702373359083, 33.45089692712581 ] }, "geometry": { "type": "Polygon", "coordinates": [ [ [ -79.2093369326237, 33.418583728092933 ], [ -79.2093369326237, 33.450896927125811 ], [ -79.177023733590829, 33.450896927125811 ], [ -79.177023733590829, 33.418583728092933 ], [ -79.2093369326237, 33.418583728092933 ] ] ] } },
{ "type": "Feature", "properties": { "Event": "US-Carolina", "Chip_ID": "FLO_40_23", "Image Source": "PS", "PS_href": "../../../../US-Carolina/PS/FLO_40_23.tif", "labels_href": "../../../../US-Carolina/labels/FLO_40_23.tif", "bbox": [ -78.98314453939356, 34.549545694243584, -78.9508313403607, 34.58185889327646 ] }, "geometry": { "type": "Polygon", "coordinates": [ [ [ -78.983144539393564, 34.549545694243584 ], [ -78.983144539393564, 34.581858893276461 ], [ -78.950831340360693, 34.581858893276461 ], [ -78.950831340360693, 34.549545694243584 ], [ -78.983144539393564, 34.549545694243584 ] ] ] } },
{ "type": "Feature", "properties": { "Event": "US-Carolina", "Chip_ID": "FLO_48_43", "Image Source": "PS", "PS_href": "../../../../US-Carolina/PS/FLO_48_43.tif", "labels_href": "../../../../US-Carolina/labels/FLO_48_43.tif", "bbox": [ -78.72463894713056, 33.90328171358607, -78.69232574809769, 33.935594912618946 ] }, "geometry": { "type": "Polygon", "coordinates": [ [ [ -78.724638947130558, 33.903281713586068 ], [ -78.724638947130558, 33.935594912618946 ], [ -78.692325748097687, 33.935594912618946 ], [ -78.692325748097687, 33.903281713586068 ], [ -78.724638947130558, 33.903281713586068 ] ] ] } },
{ "type": "Feature", "properties": { "Event": "US-Carolina", "Chip_ID": "FLO_53_31", "Image Source": "PS", "PS_href": "../../../../US-Carolina/PS/FLO_53_31.tif", "labels_href": "../../../../US-Carolina/labels/FLO_53_31.tif", "bbox": [ -78.56307295196618, 34.29104010198058, -78.5307597529333, 34.323353301013455 ] }, "geometry": { "type": "Polygon", "coordinates": [ [ [ -78.563072951966177, 34.291040101980578 ], [ -78.563072951966177, 34.323353301013455 ], [ -78.530759752933307, 34.323353301013455 ], [ -78.530759752933307, 34.291040101980578 ], [ -78.563072951966177, 34.291040101980578 ] ] ] } },
{ "type": "Feature", "properties": { "Event": "US-Carolina", "Chip_ID": "FLO_56_24", "Image Source": "PS", "PS_href": "../../../../US-Carolina/PS/FLO_56_24.tif", "labels_href": "../../../../US-Carolina/labels/FLO_56_24.tif", "bbox": [ -78.46613335486755, 34.517232495210706, -78.43382015583468, 34.549545694243584 ] }, "geometry": { "type": "Polygon", "coordinates": [ [ [ -78.466133354867551, 34.517232495210706 ], [ -78.466133354867551, 34.549545694243584 ], [ -78.433820155834681, 34.549545694243584 ], [ -78.433820155834681, 34.517232495210706 ], [ -78.466133354867551, 34.517232495210706 ] ] ] } },
{ "type": "Feature", "properties": { "Event": "US-Carolina", "Chip_ID": "FLO_58_13", "Image Source": "PS", "PS_href": "../../../../US-Carolina/PS/FLO_58_13.tif", "labels_href": "../../../../US-Carolina/labels/FLO_58_13.tif", "bbox": [ -78.4015069568018, 34.87267768457234, -78.36919375776893, 34.904990883605215 ] }, "geometry": { "type": "Polygon", "coordinates": [ [ [ -78.401506956801796, 34.872677684572338 ], [ -78.401506956801796, 34.904990883605215 ], [ -78.369193757768926, 34.904990883605215 ], [ -78.369193757768926, 34.872677684572338 ], [ -78.401506956801796, 34.872677684572338 ] ] ] } },
{ "type": "Feature", "properties": { "Event": "US-Carolina", "Chip_ID": "FLO_59_42", "Image Source": "PS", "PS_href": "../../../../US-Carolina/PS/FLO_59_42.tif", "labels_href": "../../../../US-Carolina/labels/FLO_59_42.tif", "bbox": [ -78.36919375776893, 33.935594912618946, -78.33688055873606, 33.96790811165182 ] }, "geometry": { "type": "Polygon", "coordinates": [ [ [ -78.369193757768926, 33.935594912618946 ], [ -78.369193757768926, 33.967908111651823 ], [ -78.336880558736055, 33.967908111651823 ], [ -78.336880558736055, 33.935594912618946 ], [ -78.369193757768926, 33.935594912618946 ] ] ] } },
{ "type": "Feature", "properties": { "Event": "US-Carolina", "Chip_ID": "FLO_63_42", "Image Source": "PS", "PS_href": "../../../../US-Carolina/PS/FLO_63_42.tif", "labels_href": "../../../../US-Carolina/labels/FLO_63_42.tif", "bbox": [ -78.23994096163743, 33.935594912618946, -78.20762776260456, 33.96790811165182 ] }, "geometry": { "type": "Polygon", "coordinates": [ [ [ -78.23994096163743, 33.935594912618946 ], [ -78.23994096163743, 33.967908111651823 ], [ -78.20762776260456, 33.967908111651823 ], [ -78.20762776260456, 33.935594912618946 ], [ -78.23994096163743, 33.935594912618946 ] ] ] } },
{ "type": "Feature", "properties": { "Event": "US-Carolina", "Chip_ID": "FLO_88_23", "Image Source": "PS", "PS_href": "../../../../US-Carolina/PS/FLO_88_23.tif", "labels_href": "../../../../US-Carolina/labels/FLO_88_23.tif", "bbox": [ -77.43211098581553, 34.549545694243584, -77.39979778678266, 34.58185889327646 ] }, "geometry": { "type": "Polygon", "coordinates": [ [ [ -77.432110985815527, 34.549545694243584 ], [ -77.432110985815527, 34.581858893276461 ], [ -77.399797786782656, 34.581858893276461 ], [ -77.399797786782656, 34.549545694243584 ], [ -77.432110985815527, 34.549545694243584 ] ] ] } },
{ "type": "Feature", "properties": { "Event": "US-Carolina", "Chip_ID": "FLO_8_64", "Image Source": "PS", "PS_href": "../../../../US-Carolina/PS/FLO_8_64.tif", "labels_href": "../../../../US-Carolina/labels/FLO_8_64.tif", "bbox": [ -80.01716690844559, 33.224704533895675, -79.98485370941272, 33.25701773292855 ] }, "geometry": { "type": "Polygon", "coordinates": [ [ [ -80.017166908445589, 33.224704533895675 ], [ -80.017166908445589, 33.257017732928553 ], [ -79.984853709412718, 33.257017732928553 ], [ -79.984853709412718, 33.224704533895675 ], [ -80.017166908445589, 33.224704533895675 ] ] ] } },
{ "type": "Feature", "properties": { "Event": "US-Dakota", "Chip_ID": "RRN_100_44", "Image Source": "PS", "PS_href": "../../../../US-Dakota/PS/RRN_100_44.tif", "labels_href": "../../../../US-Dakota/labels/RRN_100_44.tif", "bbox": [ -96.54587011544719, 47.41306281669657, -96.50744151182046, 47.4514914203233 ] }, "geometry": { "type": "Polygon", "coordinates": [ [ [ -96.545870115447187, 47.413062816696574 ], [ -96.545870115447187, 47.4514914203233 ], [ -96.50744151182046, 47.4514914203233 ], [ -96.50744151182046, 47.413062816696574 ], [ -96.545870115447187, 47.413062816696574 ] ] ] } },
{ "type": "Feature", "properties": { "Event": "US-Dakota", "Chip_ID": "RRN_101_35", "Image Source": "PS", "PS_href": "../../../../US-Dakota/PS/RRN_101_35.tif", "labels_href": "../../../../US-Dakota/labels/RRN_101_35.tif", "bbox": [ -96.50744151182046, 47.75892024933714, -96.46901290819373, 47.797348852963864 ] }, "geometry": { "type": "Polygon", "coordinates": [ [ [ -96.50744151182046, 47.758920249337137 ], [ -96.50744151182046, 47.797348852963864 ], [ -96.469012908193733, 47.797348852963864 ], [ -96.469012908193733, 47.758920249337137 ], [ -96.50744151182046, 47.758920249337137 ] ] ] } },
{ "type": "Feature", "properties": { "Event": "US-Dakota", "Chip_ID": "RRN_105_32", "Image Source": "PS", "PS_href": "../../../../US-Dakota/PS/RRN_105_32.tif", "labels_href": "../../../../US-Dakota/labels/RRN_105_32.tif", "bbox": [ -96.35372709731354, 47.87420606021733, -96.31529849368681, 47.91263466384406 ] }, "geometry": { "type": "Polygon", "coordinates": [ [ [ -96.353727097313538, 47.874206060217332 ], [ -96.353727097313538, 47.912634663844059 ], [ -96.315298493686811, 47.912634663844059 ], [ -96.315298493686811, 47.874206060217332 ], [ -96.353727097313538, 47.874206060217332 ] ] ] } },
{ "type": "Feature", "properties": { "Event": "US-Dakota", "Chip_ID": "RRN_10_46", "Image Source": "PS", "PS_href": "../../../../US-Dakota/PS/RRN_10_46.tif", "labels_href": "../../../../US-Dakota/labels/RRN_10_46.tif", "bbox": [ -100.00444444185284, 47.33620560944311, -99.96601583822611, 47.37463421306984 ] }, "geometry": { "type": "Polygon", "coordinates": [ [ [ -100.00444444185284, 47.336205609443113 ], [ -100.00444444185284, 47.374634213069839 ], [ -99.966015838226113, 47.374634213069839 ], [ -99.966015838226113, 47.336205609443113 ], [ -100.00444444185284, 47.336205609443113 ] ] ] } },
{ "type": "Feature", "properties": { "Event": "US-Dakota", "Chip_ID": "RRN_11_6", "Image Source": "PS", "PS_href": "../../../../US-Dakota/PS/RRN_11_6.tif", "labels_href": "../../../../US-Dakota/labels/RRN_11_6.tif", "bbox": [ -99.96601583822611, 48.8733497545123, -99.92758723459939, 48.911778358139024 ] }, "geometry": { "type": "Polygon", "coordinates": [ [ [ -99.966015838226113, 48.873349754512297 ], [ -99.966015838226113, 48.911778358139024 ], [ -99.927587234599386, 48.911778358139024 ], [ -99.927587234599386, 48.873349754512297 ], [ -99.966015838226113, 48.873349754512297 ] ] ] } },
{ "type": "Feature", "properties": { "Event": "US-Dakota", "Chip_ID": "RRN_14_6", "Image Source": "PS", "PS_href": "../../../../US-Dakota/PS/RRN_14_6.tif", "labels_href": "../../../../US-Dakota/labels/RRN_14_6.tif", "bbox": [ -99.85073002734592, 48.8733497545123, -99.81230142371919, 48.911778358139024 ] }, "geometry": { "type": "Polygon", "coordinates": [ [ [ -99.850730027345918, 48.873349754512297 ], [ -99.850730027345918, 48.911778358139024 ], [ -99.812301423719191, 48.911778358139024 ], [ -99.812301423719191, 48.873349754512297 ], [ -99.850730027345918, 48.873349754512297 ] ] ] } },
{ "type": "Feature", "properties": { "Event": "US-Dakota", "Chip_ID": "RRN_16_49", "Image Source": "PS", "PS_href": "../../../../US-Dakota/PS/RRN_16_49.tif", "labels_href": "../../../../US-Dakota/labels/RRN_16_49.tif", "bbox": [ -99.77387282009246, 47.220919798562925, -99.73544421646574, 47.25934840218965 ] }, "geometry": { "type": "Polygon", "coordinates": [ [ [ -99.773872820092464, 47.220919798562925 ], [ -99.773872820092464, 47.259348402189651 ], [ -99.735444216465737, 47.259348402189651 ], [ -99.735444216465737, 47.220919798562925 ], [ -99.773872820092464, 47.220919798562925 ] ] ] } },
{ "type": "Feature", "properties": { "Event": "US-Dakota", "Chip_ID": "RRN_18_6", "Image Source": "PS", "PS_href": "../../../../US-Dakota/PS/RRN_18_6.tif", "labels_href": "../../../../US-Dakota/labels/RRN_18_6.tif", "bbox": [ -99.69701561283901, 48.8733497545123, -99.65858700921228, 48.911778358139024 ] }, "geometry": { "type": "Polygon", "coordinates": [ [ [ -99.69701561283901, 48.873349754512297 ], [ -99.69701561283901, 48.911778358139024 ], [ -99.658587009212283, 48.911778358139024 ], [ -99.658587009212283, 48.873349754512297 ], [ -99.69701561283901, 48.873349754512297 ] ] ] } },
{ "type": "Feature", "properties": { "Event": "US-Dakota", "Chip_ID": "RRN_21_23", "Image Source": "PS", "PS_href": "../../../../US-Dakota/PS/RRN_21_23.tif", "labels_href": "../../../../US-Dakota/labels/RRN_21_23.tif", "bbox": [ -99.58172980195882, 48.220063492857896, -99.54330119833209, 48.25849209648462 ] }, "geometry": { "type": "Polygon", "coordinates": [ [ [ -99.581729801958815, 48.220063492857896 ], [ -99.581729801958815, 48.258492096484623 ], [ -99.543301198332088, 48.258492096484623 ], [ -99.543301198332088, 48.220063492857896 ], [ -99.581729801958815, 48.220063492857896 ] ] ] } },
{ "type": "Feature", "properties": { "Event": "US-Dakota", "Chip_ID": "RRN_24_54", "Image Source": "PS", "PS_href": "../../../../US-Dakota/PS/RRN_24_54.tif", "labels_href": "../../../../US-Dakota/labels/RRN_24_54.tif", "bbox": [ -99.46644399107863, 47.02877678042928, -99.42801538745191, 47.06720538405601 ] }, "geometry": { "type": "Polygon", "coordinates": [ [ [ -99.466443991078634, 47.028776780429283 ], [ -99.466443991078634, 47.06720538405601 ], [ -99.428015387451907, 47.06720538405601 ], [ -99.428015387451907, 47.028776780429283 ], [ -99.466443991078634, 47.028776780429283 ] ] ] } },
{ "type": "Feature", "properties": { "Event": "US-Dakota", "Chip_ID": "RRN_33_21", "Image Source": "PS", "PS_href": "../../../../US-Dakota/PS/RRN_33_21.tif", "labels_href": "../../../../US-Dakota/labels/RRN_33_21.tif", "bbox": [ -99.12058655843806, 48.29692070011135, -99.08215795481134, 48.33534930373808 ] }, "geometry": { "type": "Polygon", "coordinates": [ [ [ -99.120586558438063, 48.29692070011135 ], [ -99.120586558438063, 48.335349303738077 ], [ -99.082157954811336, 48.335349303738077 ], [ -99.082157954811336, 48.29692070011135 ], [ -99.120586558438063, 48.29692070011135 ] ] ] } },
{ "type": "Feature", "properties": { "Event": "US-Dakota", "Chip_ID": "RRN_34_29", "Image Source": "PS", "PS_href": "../../../../US-Dakota/PS/RRN_34_29.tif", "labels_href": "../../../../US-Dakota/labels/RRN_34_29.tif", "bbox": [ -99.08215795481134, 47.98949187109752, -99.04372935118461, 48.02792047472425 ] }, "geometry": { "type": "Polygon", "coordinates": [ [ [ -99.082157954811336, 47.98949187109752 ], [ -99.082157954811336, 48.027920474724247 ], [ -99.043729351184609, 48.027920474724247 ], [ -99.043729351184609, 47.98949187109752 ], [ -99.082157954811336, 47.98949187109752 ] ] ] } },
{ "type": "Feature", "properties": { "Event": "US-Dakota", "Chip_ID": "RRN_34_52", "Image Source": "PS", "PS_href": "../../../../US-Dakota/PS/RRN_34_52.tif", "labels_href": "../../../../US-Dakota/labels/RRN_34_52.tif", "bbox": [ -99.08215795481134, 47.10563398768274, -99.04372935118461, 47.14406259130946 ] }, "geometry": { "type": "Polygon", "coordinates": [ [ [ -99.082157954811336, 47.105633987682737 ], [ -99.082157954811336, 47.144062591309464 ], [ -99.043729351184609, 47.144062591309464 ], [ -99.043729351184609, 47.105633987682737 ], [ -99.082157954811336, 47.105633987682737 ] ] ] } },
{ "type": "Feature", "properties": { "Event": "US-Dakota", "Chip_ID": "RRN_98_49", "Image Source": "PS", "PS_href": "../../../../US-Dakota/PS/RRN_98_49.tif", "labels_href": "../../../../US-Dakota/labels/RRN_98_49.tif", "bbox": [ -96.62272732270064, 47.220919798562925, -96.58429871907391, 47.25934840218965 ] }, "geometry": { "type": "Polygon", "coordinates": [ [ [ -96.622727322700641, 47.220919798562925 ], [ -96.622727322700641, 47.259348402189651 ], [ -96.584298719073914, 47.259348402189651 ], [ -96.584298719073914, 47.220919798562925 ], [ -96.622727322700641, 47.220919798562925 ] ] ] } },
{ "type": "Feature", "properties": { "Event": "US-Kansas", "Chip_ID": "USA_11_58", "Image Source": "PS", "PS_href": "../../../../US-Kansas/PS/USA_11_58.tif", "labels_href": "../../../../US-Kansas/labels/USA_11_58.tif", "bbox": [ -95.55044442056492, 38.38745951096429, -95.51650165386435, 38.42140227766486 ] }, "geometry": { "type": "Polygon", "coordinates": [ [ [ -95.550444420564915, 38.387459510964291 ], [ -95.550444420564915, 38.42140227766486 ], [ -95.516501653864353, 38.42140227766486 ], [ -95.516501653864353, 38.387459510964291 ], [ -95.550444420564915, 38.387459510964291 ] ] ] } },
{ "type": "Feature", "properties": { "Event": "US-Kansas", "Chip_ID": "USA_12_52", "Image Source": "PS", "PS_href": "../../../../US-Kansas/PS/USA_12_52.tif", "labels_href": "../../../../US-Kansas/labels/USA_12_52.tif", "bbox": [ -95.51650165386435, 38.591116111167686, -95.48255888716379, 38.625058877868256 ] }, "geometry": { "type": "Polygon", "coordinates": [ [ [ -95.516501653864353, 38.591116111167686 ], [ -95.516501653864353, 38.625058877868256 ], [ -95.48255888716379, 38.625058877868256 ], [ -95.48255888716379, 38.591116111167686 ], [ -95.516501653864353, 38.591116111167686 ] ] ] } },
{ "type": "Feature", "properties": { "Event": "US-Kansas", "Chip_ID": "USA_19_27", "Image Source": "PS", "PS_href": "../../../../US-Kansas/PS/USA_19_27.tif", "labels_href": "../../../../US-Kansas/labels/USA_19_27.tif", "bbox": [ -95.27890228696039, 39.43968527868183, -95.24495952025983, 39.4736280453824 ] }, "geometry": { "type": "Polygon", "coordinates": [ [ [ -95.278902286960388, 39.439685278681829 ], [ -95.278902286960388, 39.473628045382398 ], [ -95.244959520259826, 39.473628045382398 ], [ -95.244959520259826, 39.439685278681829 ], [ -95.278902286960388, 39.439685278681829 ] ] ] } },
{ "type": "Feature", "properties": { "Event": "US-Kansas", "Chip_ID": "USA_19_43", "Image Source": "PS", "PS_href": "../../../../US-Kansas/PS/USA_19_43.tif", "labels_href": "../../../../US-Kansas/labels/USA_19_43.tif", "bbox": [ -95.27890228696039, 38.896601011472775, -95.24495952025983, 38.930543778173345 ] }, "geometry": { "type": "Polygon", "coordinates": [ [ [ -95.278902286960388, 38.896601011472775 ], [ -95.278902286960388, 38.930543778173345 ], [ -95.244959520259826, 38.930543778173345 ], [ -95.244959520259826, 38.896601011472775 ], [ -95.278902286960388, 38.896601011472775 ] ] ] } },
{ "type": "Feature", "properties": { "Event": "US-Kansas", "Chip_ID": "USA_21_57", "Image Source": "PS", "PS_href": "../../../../US-Kansas/PS/USA_21_57.tif", "labels_href": "../../../../US-Kansas/labels/USA_21_57.tif", "bbox": [ -95.21101675355926, 38.42140227766485, -95.1770739868587, 38.45534504436542 ] }, "geometry": { "type": "Polygon", "coordinates": [ [ [ -95.211016753559264, 38.421402277664853 ], [ -95.211016753559264, 38.455345044365423 ], [ -95.177073986858701, 38.455345044365423 ], [ -95.177073986858701, 38.421402277664853 ], [ -95.211016753559264, 38.421402277664853 ] ] ] } },
{ "type": "Feature", "properties": { "Event": "US-Kansas", "Chip_ID": "USA_22_20", "Image Source": "PS", "PS_href": "../../../../US-Kansas/PS/USA_22_20.tif", "labels_href": "../../../../US-Kansas/labels/USA_22_20.tif", "bbox": [ -95.17707398685869, 39.67728464558579, -95.14313122015812, 39.71122741228636 ] }, "geometry": { "type": "Polygon", "coordinates": [ [ [ -95.177073986858687, 39.677284645585793 ], [ -95.177073986858687, 39.711227412286362 ], [ -95.143131220158125, 39.711227412286362 ], [ -95.143131220158125, 39.677284645585793 ], [ -95.177073986858687, 39.677284645585793 ] ] ] } },
{ "type": "Feature", "properties": { "Event": "US-Kansas", "Chip_ID": "USA_22_25", "Image Source": "PS", "PS_href": "../../../../US-Kansas/PS/USA_22_25.tif", "labels_href": "../../../../US-Kansas/labels/USA_22_25.tif", "bbox": [ -95.17707398685869, 39.50757081208296, -95.14313122015812, 39.54151357878353 ] }, "geometry": { "type": "Polygon", "coordinates": [ [ [ -95.177073986858687, 39.50757081208296 ], [ -95.177073986858687, 39.54151357878353 ], [ -95.143131220158125, 39.54151357878353 ], [ -95.143131220158125, 39.50757081208296 ], [ -95.177073986858687, 39.50757081208296 ] ] ] } },
{ "type": "Feature", "properties": { "Event": "US-Kansas", "Chip_ID": "USA_23_14", "Image Source": "PS", "PS_href": "../../../../US-Kansas/PS/USA_23_14.tif", "labels_href": "../../../../US-Kansas/labels/USA_23_14.tif", "bbox": [ -95.14313122015812, 39.88094124578919, -95.10918845345756, 39.91488401248976 ] }, "geometry": { "type": "Polygon", "coordinates": [ [ [ -95.143131220158125, 39.880941245789188 ], [ -95.143131220158125, 39.914884012489757 ], [ -95.109188453457563, 39.914884012489757 ], [ -95.109188453457563, 39.880941245789188 ], [ -95.143131220158125, 39.880941245789188 ] ] ] } },
{ "type": "Feature", "properties": { "Event": "US-Kansas", "Chip_ID": "USA_26_4", "Image Source": "PS", "PS_href": "../../../../US-Kansas/PS/USA_26_4.tif", "labels_href": "../../../../US-Kansas/labels/USA_26_4.tif", "bbox": [ -95.04130292005642, 40.22036891279485, -95.00736015335586, 40.254311679495416 ] }, "geometry": { "type": "Polygon", "coordinates": [ [ [ -95.041302920056424, 40.220368912794846 ], [ -95.041302920056424, 40.254311679495416 ], [ -95.007360153355862, 40.254311679495416 ], [ -95.007360153355862, 40.220368912794846 ], [ -95.041302920056424, 40.220368912794846 ] ] ] } },
{ "type": "Feature", "properties": { "Event": "US-Kansas", "Chip_ID": "USA_27_14", "Image Source": "PS", "PS_href": "../../../../US-Kansas/PS/USA_27_14.tif", "labels_href": "../../../../US-Kansas/labels/USA_27_14.tif", "bbox": [ -95.00736015335586, 39.88094124578919, -94.9734173866553, 39.91488401248976 ] }, "geometry": { "type": "Polygon", "coordinates": [ [ [ -95.007360153355862, 39.880941245789188 ], [ -95.007360153355862, 39.914884012489757 ], [ -94.973417386655299, 39.914884012489757 ], [ -94.973417386655299, 39.880941245789188 ], [ -95.007360153355862, 39.880941245789188 ] ] ] } },
{ "type": "Feature", "properties": { "Event": "US-Kansas", "Chip_ID": "USA_29_18", "Image Source": "PS", "PS_href": "../../../../US-Kansas/PS/USA_29_18.tif", "labels_href": "../../../../US-Kansas/labels/USA_29_18.tif", "bbox": [ -94.93947461995474, 39.745170178986925, -94.90553185325417, 39.779112945687494 ] }, "geometry": { "type": "Polygon", "coordinates": [ [ [ -94.939474619954737, 39.745170178986925 ], [ -94.939474619954737, 39.779112945687494 ], [ -94.905531853254175, 39.779112945687494 ], [ -94.905531853254175, 39.745170178986925 ], [ -94.939474619954737, 39.745170178986925 ] ] ] } },
{ "type": "Feature", "properties": { "Event": "US-Kansas", "Chip_ID": "USA_29_9", "Image Source": "PS", "PS_href": "../../../../US-Kansas/PS/USA_29_9.tif", "labels_href": "../../../../US-Kansas/labels/USA_29_9.tif", "bbox": [ -94.93947461995474, 40.050655079292014, -94.90553185325417, 40.08459784599258 ] }, "geometry": { "type": "Polygon", "coordinates": [ [ [ -94.939474619954737, 40.050655079292014 ], [ -94.939474619954737, 40.084597845992583 ], [ -94.905531853254175, 40.084597845992583 ], [ -94.905531853254175, 40.050655079292014 ], [ -94.939474619954737, 40.050655079292014 ] ] ] } },
{ "type": "Feature", "properties": { "Event": "US-Kansas", "Chip_ID": "USA_31_6", "Image Source": "PS", "PS_href": "../../../../US-Kansas/PS/USA_31_6.tif", "labels_href": "../../../../US-Kansas/labels/USA_31_6.tif", "bbox": [ -94.8715890865536, 40.152483379393715, -94.83764631985304, 40.186426146094284 ] }, "geometry": { "type": "Polygon", "coordinates": [ [ [ -94.871589086553598, 40.152483379393715 ], [ -94.871589086553598, 40.186426146094284 ], [ -94.837646319853036, 40.186426146094284 ], [ -94.837646319853036, 40.152483379393715 ], [ -94.871589086553598, 40.152483379393715 ] ] ] } },
{ "type": "Feature", "properties": { "Event": "US-Kansas", "Chip_ID": "USA_32_30", "Image Source": "PS", "PS_href": "../../../../US-Kansas/PS/USA_32_30.tif", "labels_href": "../../../../US-Kansas/labels/USA_32_30.tif", "bbox": [ -94.83764631985304, 39.337856978580135, -94.80370355315247, 39.371799745280704 ] }, "geometry": { "type": "Polygon", "coordinates": [ [ [ -94.837646319853036, 39.337856978580135 ], [ -94.837646319853036, 39.371799745280704 ], [ -94.803703553152474, 39.371799745280704 ], [ -94.803703553152474, 39.337856978580135 ], [ -94.837646319853036, 39.337856978580135 ] ] ] } },
{ "type": "Feature", "properties": { "Event": "US-Kansas", "Chip_ID": "USA_33_26", "Image Source": "PS", "PS_href": "../../../../US-Kansas/PS/USA_33_26.tif", "labels_href": "../../../../US-Kansas/labels/USA_33_26.tif", "bbox": [ -94.80370355315247, 39.4736280453824, -94.76976078645191, 39.50757081208297 ] }, "geometry": { "type": "Polygon", "coordinates": [ [ [ -94.803703553152474, 39.473628045382398 ], [ -94.803703553152474, 39.507570812082967 ], [ -94.769760786451911, 39.507570812082967 ], [ -94.769760786451911, 39.473628045382398 ], [ -94.803703553152474, 39.473628045382398 ] ] ] } },
{ "type": "Feature", "properties": { "Event": "US-Kansas", "Chip_ID": "USA_35_22", "Image Source": "PS", "PS_href": "../../../../US-Kansas/PS/USA_35_22.tif", "labels_href": "../../../../US-Kansas/labels/USA_35_22.tif", "bbox": [ -94.73581801975133, 39.60939911218466, -94.70187525305077, 39.64334187888523 ] }, "geometry": { "type": "Polygon", "coordinates": [ [ [ -94.735818019751335, 39.609399112184661 ], [ -94.735818019751335, 39.643341878885231 ], [ -94.701875253050773, 39.643341878885231 ], [ -94.701875253050773, 39.609399112184661 ], [ -94.735818019751335, 39.609399112184661 ] ] ] } },
{ "type": "Feature", "properties": { "Event": "US-Kansas", "Chip_ID": "USA_35_8", "Image Source": "PS", "PS_href": "../../../../US-Kansas/PS/USA_35_8.tif", "labels_href": "../../../../US-Kansas/labels/USA_35_8.tif", "bbox": [ -94.73581801975133, 40.08459784599258, -94.70187525305077, 40.11854061269315 ] }, "geometry": { "type": "Polygon", "coordinates": [ [ [ -94.735818019751335, 40.084597845992583 ], [ -94.735818019751335, 40.118540612693153 ], [ -94.701875253050773, 40.118540612693153 ], [ -94.701875253050773, 40.084597845992583 ], [ -94.735818019751335, 40.084597845992583 ] ] ] } },
{ "type": "Feature", "properties": { "Event": "US-Kansas", "Chip_ID": "USA_36_48", "Image Source": "PS", "PS_href": "../../../../US-Kansas/PS/USA_36_48.tif", "labels_href": "../../../../US-Kansas/labels/USA_36_48.tif", "bbox": [ -94.70187525305077, 38.72688717796995, -94.66793248635021, 38.76082994467052 ] }, "geometry": { "type": "Polygon", "coordinates": [ [ [ -94.701875253050773, 38.72688717796995 ], [ -94.701875253050773, 38.760829944670519 ], [ -94.66793248635021, 38.760829944670519 ], [ -94.66793248635021, 38.72688717796995 ], [ -94.701875253050773, 38.72688717796995 ] ] ] } },
{ "type": "Feature", "properties": { "Event": "US-Kansas", "Chip_ID": "USA_39_25", "Image Source": "PS", "PS_href": "../../../../US-Kansas/PS/USA_39_25.tif", "labels_href": "../../../../US-Kansas/labels/USA_39_25.tif", "bbox": [ -94.60004695294907, 39.50757081208296, -94.56610418624851, 39.54151357878353 ] }, "geometry": { "type": "Polygon", "coordinates": [ [ [ -94.600046952949072, 39.50757081208296 ], [ -94.600046952949072, 39.54151357878353 ], [ -94.566104186248509, 39.54151357878353 ], [ -94.566104186248509, 39.50757081208296 ], [ -94.600046952949072, 39.50757081208296 ] ] ] } },
{ "type": "Feature", "properties": { "Event": "US-Kansas", "Chip_ID": "USA_40_38", "Image Source": "PS", "PS_href": "../../../../US-Kansas/PS/USA_40_38.tif", "labels_href": "../../../../US-Kansas/labels/USA_40_38.tif", "bbox": [ -94.56610418624851, 39.06631484497561, -94.53216141954795, 39.10025761167618 ] }, "geometry": { "type": "Polygon", "coordinates": [ [ [ -94.566104186248509, 39.066314844975608 ], [ -94.566104186248509, 39.100257611676177 ], [ -94.532161419547947, 39.100257611676177 ], [ -94.532161419547947, 39.066314844975608 ], [ -94.566104186248509, 39.066314844975608 ] ] ] } },
{ "type": "Feature", "properties": { "Event": "US-Nebraska", "Chip_ID": "NEB_13_13", "Image Source": "PS", "PS_href": "../../../../US-Nebraska/PS/NEB_13_13.tif", "labels_href": "../../../../US-Nebraska/labels/NEB_13_13.tif", "bbox": [ -97.67949607461587, 41.27115911808671, -97.64483163792909, 41.30582355477348 ] }, "geometry": { "type": "Polygon", "coordinates": [ [ [ -97.679496074615869, 41.271159118086707 ], [ -97.679496074615869, 41.305823554773482 ], [ -97.644831637929087, 41.305823554773482 ], [ -97.644831637929087, 41.271159118086707 ], [ -97.679496074615869, 41.271159118086707 ] ] ] } },
{ "type": "Feature", "properties": { "Event": "US-Nebraska", "Chip_ID": "NEB_18_47", "Image Source": "PS", "PS_href": "../../../../US-Nebraska/PS/NEB_18_47.tif", "labels_href": "../../../../US-Nebraska/labels/NEB_18_47.tif", "bbox": [ -97.50617389118199, 40.09256827073631, -97.4715094544952, 40.12723270742308 ] }, "geometry": { "type": "Polygon", "coordinates": [ [ [ -97.506173891181987, 40.092568270736308 ], [ -97.506173891181987, 40.127232707423083 ], [ -97.471509454495205, 40.127232707423083 ], [ -97.471509454495205, 40.092568270736308 ], [ -97.506173891181987, 40.092568270736308 ] ] ] } },
{ "type": "Feature", "properties": { "Event": "US-Nebraska", "Chip_ID": "NEB_22_7", "Image Source": "PS", "PS_href": "../../../../US-Nebraska/PS/NEB_22_7.tif", "labels_href": "../../../../US-Nebraska/labels/NEB_22_7.tif", "bbox": [ -97.36751614443489, 41.479145738207365, -97.3328517077481, 41.51381017489414 ] }, "geometry": { "type": "Polygon", "coordinates": [ [ [ -97.367516144434887, 41.479145738207365 ], [ -97.367516144434887, 41.513810174894139 ], [ -97.332851707748105, 41.513810174894139 ], [ -97.332851707748105, 41.479145738207365 ], [ -97.367516144434887, 41.479145738207365 ] ] ] } },
{ "type": "Feature", "properties": { "Event": "US-Nebraska", "Chip_ID": "NEB_33_48", "Image Source": "PS", "PS_href": "../../../../US-Nebraska/PS/NEB_33_48.tif", "labels_href": "../../../../US-Nebraska/labels/NEB_33_48.tif", "bbox": [ -96.98620734088034, 40.05790383404953, -96.95154290419356, 40.09256827073631 ] }, "geometry": { "type": "Polygon", "coordinates": [ [ [ -96.986207340880341, 40.057903834049533 ], [ -96.986207340880341, 40.092568270736308 ], [ -96.951542904193559, 40.092568270736308 ], [ -96.951542904193559, 40.057903834049533 ], [ -96.986207340880341, 40.057903834049533 ] ] ] } },
{ "type": "Feature", "properties": { "Event": "US-Nebraska", "Chip_ID": "NEB_41_34", "Image Source": "PS", "PS_href": "../../../../US-Nebraska/PS/NEB_41_34.tif", "labels_href": "../../../../US-Nebraska/labels/NEB_41_34.tif", "bbox": [ -96.70889184738613, 40.543205947664404, -96.67422741069934, 40.57787038435118 ] }, "geometry": { "type": "Polygon", "coordinates": [ [ [ -96.708891847386127, 40.543205947664404 ], [ -96.708891847386127, 40.577870384351179 ], [ -96.674227410699345, 40.577870384351179 ], [ -96.674227410699345, 40.543205947664404 ], [ -96.708891847386127, 40.543205947664404 ] ] ] } },
{ "type": "Feature", "properties": { "Event": "US-Nebraska", "Chip_ID": "NEB_43_9", "Image Source": "PS", "PS_href": "../../../../US-Nebraska/PS/NEB_43_9.tif", "labels_href": "../../../../US-Nebraska/labels/NEB_43_9.tif", "bbox": [ -96.63956297401258, 41.409816864833815, -96.6048985373258, 41.44448130152059 ] }, "geometry": { "type": "Polygon", "coordinates": [ [ [ -96.639562974012577, 41.409816864833815 ], [ -96.639562974012577, 41.44448130152059 ], [ -96.604898537325795, 41.44448130152059 ], [ -96.604898537325795, 41.409816864833815 ], [ -96.639562974012577, 41.409816864833815 ] ] ] } },
{ "type": "Feature", "properties": { "Event": "US-Nebraska", "Chip_ID": "NEB_45_53", "Image Source": "PS", "PS_href": "../../../../US-Nebraska/PS/NEB_45_53.tif", "labels_href": "../../../../US-Nebraska/labels/NEB_45_53.tif", "bbox": [ -96.57023410063903, 39.88458165061565, -96.53556966395224, 39.919246087302426 ] }, "geometry": { "type": "Polygon", "coordinates": [ [ [ -96.570234100639027, 39.884581650615651 ], [ -96.570234100639027, 39.919246087302426 ], [ -96.535569663952245, 39.919246087302426 ], [ -96.535569663952245, 39.884581650615651 ], [ -96.570234100639027, 39.884581650615651 ] ] ] } },
{ "type": "Feature", "properties": { "Event": "US-Nebraska", "Chip_ID": "NEB_47_10", "Image Source": "PS", "PS_href": "../../../../US-Nebraska/PS/NEB_47_10.tif", "labels_href": "../../../../US-Nebraska/labels/NEB_47_10.tif", "bbox": [ -96.50090522726546, 41.37515242814704, -96.46624079057868, 41.409816864833815 ] }, "geometry": { "type": "Polygon", "coordinates": [ [ [ -96.500905227265463, 41.37515242814704 ], [ -96.500905227265463, 41.409816864833815 ], [ -96.466240790578681, 41.409816864833815 ], [ -96.466240790578681, 41.37515242814704 ], [ -96.500905227265463, 41.37515242814704 ] ] ] } },
{ "type": "Feature", "properties": { "Event": "US-Nebraska", "Chip_ID": "NEB_56_17", "Image Source": "PS", "PS_href": "../../../../US-Nebraska/PS/NEB_56_17.tif", "labels_href": "../../../../US-Nebraska/labels/NEB_56_17.tif", "bbox": [ -96.18892529708448, 41.1325013713396, -96.1542608603977, 41.167165808026375 ] }, "geometry": { "type": "Polygon", "coordinates": [ [ [ -96.188925297084481, 41.1325013713396 ], [ -96.188925297084481, 41.167165808026375 ], [ -96.154260860397699, 41.167165808026375 ], [ -96.154260860397699, 41.1325013713396 ], [ -96.188925297084481, 41.1325013713396 ] ] ] } },
{ "type": "Feature", "properties": { "Event": "US-Nebraska", "Chip_ID": "NEB_57_20", "Image Source": "PS", "PS_href": "../../../../US-Nebraska/PS/NEB_57_20.tif", "labels_href": "../../../../US-Nebraska/labels/NEB_57_20.tif", "bbox": [ -96.1542608603977, 41.028508061279275, -96.11959642371092, 41.06317249796605 ] }, "geometry": { "type": "Polygon", "coordinates": [ [ [ -96.154260860397699, 41.028508061279275 ], [ -96.154260860397699, 41.06317249796605 ], [ -96.119596423710917, 41.06317249796605 ], [ -96.119596423710917, 41.028508061279275 ], [ -96.154260860397699, 41.028508061279275 ] ] ] } },
{ "type": "Feature", "properties": { "Event": "US-Nebraska", "Chip_ID": "NEB_58_17", "Image Source": "PS", "PS_href": "../../../../US-Nebraska/PS/NEB_58_17.tif", "labels_href": "../../../../US-Nebraska/labels/NEB_58_17.tif", "bbox": [ -96.11959642371093, 41.1325013713396, -96.08493198702415, 41.167165808026375 ] }, "geometry": { "type": "Polygon", "coordinates": [ [ [ -96.119596423710931, 41.1325013713396 ], [ -96.119596423710931, 41.167165808026375 ], [ -96.084931987024149, 41.167165808026375 ], [ -96.084931987024149, 41.1325013713396 ], [ -96.119596423710931, 41.1325013713396 ] ] ] } },
{ "type": "Feature", "properties": { "Event": "US-Nebraska", "Chip_ID": "NEB_58_5", "Image Source": "PS", "PS_href": "../../../../US-Nebraska/PS/NEB_58_5.tif", "labels_href": "../../../../US-Nebraska/labels/NEB_58_5.tif", "bbox": [ -96.11959642371093, 41.54847461158092, -96.08493198702415, 41.5831390482677 ] }, "geometry": { "type": "Polygon", "coordinates": [ [ [ -96.119596423710931, 41.548474611580922 ], [ -96.119596423710931, 41.583139048267697 ], [ -96.084931987024149, 41.583139048267697 ], [ -96.084931987024149, 41.548474611580922 ], [ -96.119596423710931, 41.548474611580922 ] ] ] } },
{ "type": "Feature", "properties": { "Event": "US-Nebraska", "Chip_ID": "NEB_61_20", "Image Source": "PS", "PS_href": "../../../../US-Nebraska/PS/NEB_61_20.tif", "labels_href": "../../../../US-Nebraska/labels/NEB_61_20.tif", "bbox": [ -96.0156031136506, 41.028508061279275, -95.98093867696382, 41.06317249796605 ] }, "geometry": { "type": "Polygon", "coordinates": [ [ [ -96.015603113650599, 41.028508061279275 ], [ -96.015603113650599, 41.06317249796605 ], [ -95.980938676963817, 41.06317249796605 ], [ -95.980938676963817, 41.028508061279275 ], [ -96.015603113650599, 41.028508061279275 ] ] ] } },
{ "type": "Feature", "properties": { "Event": "US-Nebraska", "Chip_ID": "NEB_66_27", "Image Source": "PS", "PS_href": "../../../../US-Nebraska/PS/NEB_66_27.tif", "labels_href": "../../../../US-Nebraska/labels/NEB_66_27.tif", "bbox": [ -95.84228093021672, 40.785857004471836, -95.80761649352993, 40.82052144115861 ] }, "geometry": { "type": "Polygon", "coordinates": [ [ [ -95.842280930216717, 40.785857004471836 ], [ -95.842280930216717, 40.820521441158611 ], [ -95.807616493529935, 40.820521441158611 ], [ -95.807616493529935, 40.785857004471836 ], [ -95.842280930216717, 40.785857004471836 ] ] ] } },
{ "type": "Feature", "properties": { "Event": "US-Nebraska", "Chip_ID": "NEB_79_46", "Image Source": "PS", "PS_href": "../../../../US-Nebraska/PS/NEB_79_46.tif", "labels_href": "../../../../US-Nebraska/labels/NEB_79_46.tif", "bbox": [ -95.39164325328862, 40.12723270742308, -95.35697881660184, 40.16189714410986 ] }, "geometry": { "type": "Polygon", "coordinates": [ [ [ -95.39164325328862, 40.127232707423083 ], [ -95.39164325328862, 40.161897144109858 ], [ -95.356978816601838, 40.161897144109858 ], [ -95.356978816601838, 40.127232707423083 ], [ -95.39164325328862, 40.127232707423083 ] ] ] } },
{ "type": "Feature", "properties": { "Event": "US-Nebraska", "Chip_ID": "NEB_80_48", "Image Source": "PS", "PS_href": "../../../../US-Nebraska/PS/NEB_80_48.tif", "labels_href": "../../../../US-Nebraska/labels/NEB_80_48.tif", "bbox": [ -95.35697881660184, 40.05790383404953, -95.32231437991506, 40.09256827073631 ] }, "geometry": { "type": "Polygon", "coordinates": [ [ [ -95.356978816601838, 40.057903834049533 ], [ -95.356978816601838, 40.092568270736308 ], [ -95.322314379915056, 40.092568270736308 ], [ -95.322314379915056, 40.057903834049533 ], [ -95.356978816601838, 40.057903834049533 ] ] ] } },
{ "type": "Feature", "properties": { "Event": "US-Oklahoma", "Chip_ID": "TUL_3_11", "Image Source": "PS", "PS_href": "../../../../US-Oklahoma/PS/TUL_3_11.tif", "labels_href": "../../../../US-Oklahoma/labels/TUL_3_11.tif", "bbox": [ -96.40112212413386, 36.18220159148726, -96.36822741534958, 36.21509630027153 ] }, "geometry": { "type": "Polygon", "coordinates": [ [ [ -96.401122124133863, 36.182201591487257 ], [ -96.401122124133863, 36.215096300271533 ], [ -96.36822741534958, 36.215096300271533 ], [ -96.36822741534958, 36.182201591487257 ], [ -96.401122124133863, 36.182201591487257 ] ] ] } },
{ "type": "Feature", "properties": { "Event": "US-Oklahoma", "Chip_ID": "TUL_4_10", "Image Source": "PS", "PS_href": "../../../../US-Oklahoma/PS/TUL_4_10.tif", "labels_href": "../../../../US-Oklahoma/labels/TUL_4_10.tif", "bbox": [ -96.3682274153496, 36.21509630027153, -96.33533270656531, 36.24799100905581 ] }, "geometry": { "type": "Polygon", "coordinates": [ [ [ -96.368227415349594, 36.215096300271533 ], [ -96.368227415349594, 36.247991009055809 ], [ -96.33533270656531, 36.247991009055809 ], [ -96.33533270656531, 36.215096300271533 ], [ -96.368227415349594, 36.215096300271533 ] ] ] } },
{ "type": "Feature", "properties": { "Event": "US-Oklahoma", "Chip_ID": "TUL_4_12", "Image Source": "PS", "PS_href": "../../../../US-Oklahoma/PS/TUL_4_12.tif", "labels_href": "../../../../US-Oklahoma/labels/TUL_4_12.tif", "bbox": [ -96.3682274153496, 36.14930688270298, -96.33533270656531, 36.18220159148726 ] }, "geometry": { "type": "Polygon", "coordinates": [ [ [ -96.368227415349594, 36.14930688270298 ], [ -96.368227415349594, 36.182201591487257 ], [ -96.33533270656531, 36.182201591487257 ], [ -96.33533270656531, 36.14930688270298 ], [ -96.368227415349594, 36.14930688270298 ] ] ] } },
{ "type": "Feature", "properties": { "Event": "US-Oklahoma", "Chip_ID": "TUL_4_14", "Image Source": "PS", "PS_href": "../../../../US-Oklahoma/PS/TUL_4_14.tif", "labels_href": "../../../../US-Oklahoma/labels/TUL_4_14.tif", "bbox": [ -96.3682274153496, 36.08351746513443, -96.33533270656531, 36.116412173918704 ] }, "geometry": { "type": "Polygon", "coordinates": [ [ [ -96.368227415349594, 36.083517465134427 ], [ -96.368227415349594, 36.116412173918704 ], [ -96.33533270656531, 36.116412173918704 ], [ -96.33533270656531, 36.083517465134427 ], [ -96.368227415349594, 36.083517465134427 ] ] ] } },
{ "type": "Feature", "properties": { "Event": "US-Oklahoma", "Chip_ID": "TUL_5_11", "Image Source": "PS", "PS_href": "../../../../US-Oklahoma/PS/TUL_5_11.tif", "labels_href": "../../../../US-Oklahoma/labels/TUL_5_11.tif", "bbox": [ -96.33533270656531, 36.18220159148726, -96.30243799778103, 36.21509630027153 ] }, "geometry": { "type": "Polygon", "coordinates": [ [ [ -96.33533270656531, 36.182201591487257 ], [ -96.33533270656531, 36.215096300271533 ], [ -96.302437997781027, 36.215096300271533 ], [ -96.302437997781027, 36.182201591487257 ], [ -96.33533270656531, 36.182201591487257 ] ] ] } },
{ "type": "Feature", "properties": { "Event": "US-Oklahoma", "Chip_ID": "TUL_5_13", "Image Source": "PS", "PS_href": "../../../../US-Oklahoma/PS/TUL_5_13.tif", "labels_href": "../../../../US-Oklahoma/labels/TUL_5_13.tif", "bbox": [ -96.33533270656531, 36.116412173918704, -96.30243799778103, 36.14930688270298 ] }, "geometry": { "type": "Polygon", "coordinates": [ [ [ -96.33533270656531, 36.116412173918704 ], [ -96.33533270656531, 36.14930688270298 ], [ -96.302437997781027, 36.14930688270298 ], [ -96.302437997781027, 36.116412173918704 ], [ -96.33533270656531, 36.116412173918704 ] ] ] } },
{ "type": "Feature", "properties": { "Event": "US-Oklahoma", "Chip_ID": "TUL_6_12", "Image Source": "PS", "PS_href": "../../../../US-Oklahoma/PS/TUL_6_12.tif", "labels_href": "../../../../US-Oklahoma/labels/TUL_6_12.tif", "bbox": [ -96.30243799778104, 36.14930688270298, -96.26954328899676, 36.18220159148726 ] }, "geometry": { "type": "Polygon", "coordinates": [ [ [ -96.302437997781041, 36.14930688270298 ], [ -96.302437997781041, 36.182201591487257 ], [ -96.269543288996758, 36.182201591487257 ], [ -96.269543288996758, 36.14930688270298 ], [ -96.302437997781041, 36.14930688270298 ] ] ] } },
{ "type": "Feature", "properties": { "Event": "US-Oklahoma", "Chip_ID": "TUL_6_5", "Image Source": "PS", "PS_href": "../../../../US-Oklahoma/PS/TUL_6_5.tif", "labels_href": "../../../../US-Oklahoma/labels/TUL_6_5.tif", "bbox": [ -96.30243799778104, 36.379569844192915, -96.26954328899676, 36.41246455297719 ] }, "geometry": { "type": "Polygon", "coordinates": [ [ [ -96.302437997781041, 36.379569844192915 ], [ -96.302437997781041, 36.412464552977191 ], [ -96.269543288996758, 36.412464552977191 ], [ -96.269543288996758, 36.379569844192915 ], [ -96.302437997781041, 36.379569844192915 ] ] ] } },
{ "type": "Feature", "properties": { "Event": "US-Oklahoma", "Chip_ID": "TUL_7_10", "Image Source": "PS", "PS_href": "../../../../US-Oklahoma/PS/TUL_7_10.tif", "labels_href": "../../../../US-Oklahoma/labels/TUL_7_10.tif", "bbox": [ -96.26954328899676, 36.21509630027153, -96.23664858021247, 36.24799100905581 ] }, "geometry": { "type": "Polygon", "coordinates": [ [ [ -96.269543288996758, 36.215096300271533 ], [ -96.269543288996758, 36.247991009055809 ], [ -96.236648580212474, 36.247991009055809 ], [ -96.236648580212474, 36.215096300271533 ], [ -96.269543288996758, 36.215096300271533 ] ] ] } },
{ "type": "Feature", "properties": { "Event": "US-Oklahoma", "Chip_ID": "TUL_8_11", "Image Source": "PS", "PS_href": "../../../../US-Oklahoma/PS/TUL_8_11.tif", "labels_href": "../../../../US-Oklahoma/labels/TUL_8_11.tif", "bbox": [ -96.23664858021249, 36.18220159148726, -96.2037538714282, 36.21509630027153 ] }, "geometry": { "type": "Polygon", "coordinates": [ [ [ -96.236648580212488, 36.182201591487257 ], [ -96.236648580212488, 36.215096300271533 ], [ -96.203753871428205, 36.215096300271533 ], [ -96.203753871428205, 36.182201591487257 ], [ -96.236648580212488, 36.182201591487257 ] ] ] } },
{ "type": "Feature", "properties": { "Event": "US-Oklahoma", "Chip_ID": "TUL_8_5", "Image Source": "PS", "PS_href": "../../../../US-Oklahoma/PS/TUL_8_5.tif", "labels_href": "../../../../US-Oklahoma/labels/TUL_8_5.tif", "bbox": [ -96.23664858021249, 36.379569844192915, -96.2037538714282, 36.41246455297719 ] }, "geometry": { "type": "Polygon", "coordinates": [ [ [ -96.236648580212488, 36.379569844192915 ], [ -96.236648580212488, 36.412464552977191 ], [ -96.203753871428205, 36.412464552977191 ], [ -96.203753871428205, 36.379569844192915 ], [ -96.236648580212488, 36.379569844192915 ] ] ] } },
{ "type": "Feature", "properties": { "Event": "US-Texas", "Chip_ID": "HRV_10_19", "Image Source": "PS", "PS_href": "../../../../US-Texas/PS/HRV_10_19.tif", "labels_href": "../../../../US-Texas/labels/HRV_10_19.tif", "bbox": [ -95.61952031380598, 29.5151052976612, -95.58845813992293, 29.546167471544237 ] }, "geometry": { "type": "Polygon", "coordinates": [ [ [ -95.619520313805978, 29.515105297661201 ], [ -95.619520313805978, 29.546167471544237 ], [ -95.588458139922935, 29.546167471544237 ], [ -95.588458139922935, 29.515105297661201 ], [ -95.619520313805978, 29.515105297661201 ] ] ] } },
{ "type": "Feature", "properties": { "Event": "US-Texas", "Chip_ID": "HRV_10_5", "Image Source": "PS", "PS_href": "../../../../US-Texas/PS/HRV_10_5.tif", "labels_href": "../../../../US-Texas/labels/HRV_10_5.tif", "bbox": [ -95.61952031380598, 29.949975732023717, -95.58845813992293, 29.981037905906753 ] }, "geometry": { "type": "Polygon", "coordinates": [ [ [ -95.619520313805978, 29.949975732023717 ], [ -95.619520313805978, 29.981037905906753 ], [ -95.588458139922935, 29.981037905906753 ], [ -95.588458139922935, 29.949975732023717 ], [ -95.619520313805978, 29.949975732023717 ] ] ] } },
{ "type": "Feature", "properties": { "Event": "US-Texas", "Chip_ID": "HRV_12_20", "Image Source": "PS", "PS_href": "../../../../US-Texas/PS/HRV_12_20.tif", "labels_href": "../../../../US-Texas/labels/HRV_12_20.tif", "bbox": [ -95.55739596603989, 29.48404312377816, -95.52633379215685, 29.515105297661197 ] }, "geometry": { "type": "Polygon", "coordinates": [ [ [ -95.557395966039891, 29.484043123778161 ], [ -95.557395966039891, 29.515105297661197 ], [ -95.526333792156848, 29.515105297661197 ], [ -95.526333792156848, 29.484043123778161 ], [ -95.557395966039891, 29.484043123778161 ] ] ] } },
{ "type": "Feature", "properties": { "Event": "US-Texas", "Chip_ID": "HRV_12_4", "Image Source": "PS", "PS_href": "../../../../US-Texas/PS/HRV_12_4.tif", "labels_href": "../../../../US-Texas/labels/HRV_12_4.tif", "bbox": [ -95.55739596603989, 29.981037905906753, -95.52633379215685, 30.01210007978979 ] }, "geometry": { "type": "Polygon", "coordinates": [ [ [ -95.557395966039891, 29.981037905906753 ], [ -95.557395966039891, 30.012100079789789 ], [ -95.526333792156848, 30.012100079789789 ], [ -95.526333792156848, 29.981037905906753 ], [ -95.557395966039891, 29.981037905906753 ] ] ] } },
{ "type": "Feature", "properties": { "Event": "US-Texas", "Chip_ID": "HRV_13_19", "Image Source": "PS", "PS_href": "../../../../US-Texas/PS/HRV_13_19.tif", "labels_href": "../../../../US-Texas/labels/HRV_13_19.tif", "bbox": [ -95.52633379215686, 29.5151052976612, -95.49527161827382, 29.546167471544237 ] }, "geometry": { "type": "Polygon", "coordinates": [ [ [ -95.526333792156862, 29.515105297661201 ], [ -95.526333792156862, 29.546167471544237 ], [ -95.495271618273819, 29.546167471544237 ], [ -95.495271618273819, 29.515105297661201 ], [ -95.526333792156862, 29.515105297661201 ] ] ] } },
{ "type": "Feature", "properties": { "Event": "US-Texas", "Chip_ID": "HRV_14_3", "Image Source": "PS", "PS_href": "../../../../US-Texas/PS/HRV_14_3.tif", "labels_href": "../../../../US-Texas/labels/HRV_14_3.tif", "bbox": [ -95.49527161827382, 30.01210007978979, -95.46420944439078, 30.043162253672826 ] }, "geometry": { "type": "Polygon", "coordinates": [ [ [ -95.495271618273819, 30.012100079789789 ], [ -95.495271618273819, 30.043162253672826 ], [ -95.464209444390775, 30.043162253672826 ], [ -95.464209444390775, 30.012100079789789 ], [ -95.495271618273819, 30.012100079789789 ] ] ] } },
{ "type": "Feature", "properties": { "Event": "US-Texas", "Chip_ID": "HRV_17_3", "Image Source": "PS", "PS_href": "../../../../US-Texas/PS/HRV_17_3.tif", "labels_href": "../../../../US-Texas/labels/HRV_17_3.tif", "bbox": [ -95.40208509662472, 30.01210007978979, -95.37102292274167, 30.043162253672826 ] }, "geometry": { "type": "Polygon", "coordinates": [ [ [ -95.402085096624717, 30.012100079789789 ], [ -95.402085096624717, 30.043162253672826 ], [ -95.371022922741673, 30.043162253672826 ], [ -95.371022922741673, 30.012100079789789 ], [ -95.402085096624717, 30.012100079789789 ] ] ] } },
{ "type": "Feature", "properties": { "Event": "US-Texas", "Chip_ID": "HRV_8_11", "Image Source": "PS", "PS_href": "../../../../US-Texas/PS/HRV_8_11.tif", "labels_href": "../../../../US-Texas/labels/HRV_8_11.tif", "bbox": [ -95.68164466157205, 29.763602688725495, -95.65058248768901, 29.79466486260853 ] }, "geometry": { "type": "Polygon", "coordinates": [ [ [ -95.681644661572051, 29.763602688725495 ], [ -95.681644661572051, 29.794664862608531 ], [ -95.650582487689007, 29.794664862608531 ], [ -95.650582487689007, 29.763602688725495 ], [ -95.681644661572051, 29.763602688725495 ] ] ] } },
{ "type": "Feature", "properties": { "Event": "US-Texas", "Chip_ID": "HRV_9_20", "Image Source": "PS", "PS_href": "../../../../US-Texas/PS/HRV_9_20.tif", "labels_href": "../../../../US-Texas/labels/HRV_9_20.tif", "bbox": [ -95.65058248768901, 29.48404312377816, -95.61952031380596, 29.515105297661197 ] }, "geometry": { "type": "Polygon", "coordinates": [ [ [ -95.650582487689007, 29.484043123778161 ], [ -95.650582487689007, 29.515105297661197 ], [ -95.619520313805964, 29.515105297661197 ], [ -95.619520313805964, 29.484043123778161 ], [ -95.650582487689007, 29.484043123778161 ] ] ] } },
{ "type": "Feature", "properties": { "Event": "Uzbekistan", "Chip_ID": "UZB_11_5", "Image Source": "PS", "PS_href": "../../../../Uzbekistan/PS/UZB_11_5.tif", "labels_href": "../../../../Uzbekistan/labels/UZB_11_5.tif", "bbox": [ 68.3412591362098, 40.65334245952916, 68.37552355135264, 40.687606874672014 ] }, "geometry": { "type": "Polygon", "coordinates": [ [ [ 68.3412591362098, 40.653342459529163 ], [ 68.3412591362098, 40.687606874672014 ], [ 68.375523551352643, 40.687606874672014 ], [ 68.375523551352643, 40.653342459529163 ], [ 68.3412591362098, 40.653342459529163 ] ] ] } },
{ "type": "Feature", "properties": { "Event": "Uzbekistan", "Chip_ID": "UZB_14_14", "Image Source": "PS", "PS_href": "../../../../Uzbekistan/PS/UZB_14_14.tif", "labels_href": "../../../../Uzbekistan/labels/UZB_14_14.tif", "bbox": [ 68.44405238163834, 40.34496272324354, 68.47831679678119, 40.37922713838639 ] }, "geometry": { "type": "Polygon", "coordinates": [ [ [ 68.444052381638343, 40.34496272324354 ], [ 68.444052381638343, 40.379227138386391 ], [ 68.478316796781186, 40.379227138386391 ], [ 68.478316796781186, 40.34496272324354 ], [ 68.444052381638343, 40.34496272324354 ] ] ] } },
{ "type": "Feature", "properties": { "Event": "Uzbekistan", "Chip_ID": "UZB_14_7", "Image Source": "PS", "PS_href": "../../../../Uzbekistan/PS/UZB_14_7.tif", "labels_href": "../../../../Uzbekistan/labels/UZB_14_7.tif", "bbox": [ 68.44405238163834, 40.58481362924347, 68.47831679678119, 40.61907804438632 ] }, "geometry": { "type": "Polygon", "coordinates": [ [ [ 68.444052381638343, 40.58481362924347 ], [ 68.444052381638343, 40.61907804438632 ], [ 68.478316796781186, 40.61907804438632 ], [ 68.478316796781186, 40.58481362924347 ], [ 68.444052381638343, 40.58481362924347 ] ] ] } },
{ "type": "Feature", "properties": { "Event": "Uzbekistan", "Chip_ID": "UZB_15_15", "Image Source": "PS", "PS_href": "../../../../Uzbekistan/PS/UZB_15_15.tif", "labels_href": "../../../../Uzbekistan/labels/UZB_15_15.tif", "bbox": [ 68.4783167967812, 40.31069830810069, 68.51258121192404, 40.34496272324354 ] }, "geometry": { "type": "Polygon", "coordinates": [ [ [ 68.478316796781201, 40.31069830810069 ], [ 68.478316796781201, 40.34496272324354 ], [ 68.512581211924044, 40.34496272324354 ], [ 68.512581211924044, 40.31069830810069 ], [ 68.478316796781201, 40.31069830810069 ] ] ] } },
{ "type": "Feature", "properties": { "Event": "Uzbekistan", "Chip_ID": "UZB_15_9", "Image Source": "PS", "PS_href": "../../../../Uzbekistan/PS/UZB_15_9.tif", "labels_href": "../../../../Uzbekistan/labels/UZB_15_9.tif", "bbox": [ 68.4783167967812, 40.51628479895778, 68.51258121192404, 40.55054921410063 ] }, "geometry": { "type": "Polygon", "coordinates": [ [ [ 68.478316796781201, 40.516284798957777 ], [ 68.478316796781201, 40.550549214100627 ], [ 68.512581211924044, 40.550549214100627 ], [ 68.512581211924044, 40.516284798957777 ], [ 68.478316796781201, 40.516284798957777 ] ] ] } },
{ "type": "Feature", "properties": { "Event": "Uzbekistan", "Chip_ID": "UZB_16_6", "Image Source": "PS", "PS_href": "../../../../Uzbekistan/PS/UZB_16_6.tif", "labels_href": "../../../../Uzbekistan/labels/UZB_16_6.tif", "bbox": [ 68.51258121192404, 40.61907804438631, 68.54684562706689, 40.65334245952916 ] }, "geometry": { "type": "Polygon", "coordinates": [ [ [ 68.512581211924044, 40.619078044386313 ], [ 68.512581211924044, 40.653342459529163 ], [ 68.546845627066887, 40.653342459529163 ], [ 68.546845627066887, 40.619078044386313 ], [ 68.512581211924044, 40.619078044386313 ] ] ] } },
{ "type": "Feature", "properties": { "Event": "Uzbekistan", "Chip_ID": "UZB_17_7", "Image Source": "PS", "PS_href": "../../../../Uzbekistan/PS/UZB_17_7.tif", "labels_href": "../../../../Uzbekistan/labels/UZB_17_7.tif", "bbox": [ 68.54684562706689, 40.58481362924347, 68.58111004220973, 40.61907804438632 ] }, "geometry": { "type": "Polygon", "coordinates": [ [ [ 68.546845627066887, 40.58481362924347 ], [ 68.546845627066887, 40.61907804438632 ], [ 68.58111004220973, 40.61907804438632 ], [ 68.58111004220973, 40.58481362924347 ], [ 68.546845627066887, 40.58481362924347 ] ] ] } },
{ "type": "Feature", "properties": { "Event": "Uzbekistan", "Chip_ID": "UZB_17_9", "Image Source": "PS", "PS_href": "../../../../Uzbekistan/PS/UZB_17_9.tif", "labels_href": "../../../../Uzbekistan/labels/UZB_17_9.tif", "bbox": [ 68.54684562706689, 40.51628479895778, 68.58111004220973, 40.55054921410063 ] }, "geometry": { "type": "Polygon", "coordinates": [ [ [ 68.546845627066887, 40.516284798957777 ], [ 68.546845627066887, 40.550549214100627 ], [ 68.58111004220973, 40.550549214100627 ], [ 68.58111004220973, 40.516284798957777 ], [ 68.546845627066887, 40.516284798957777 ] ] ] } },
{ "type": "Feature", "properties": { "Event": "Uzbekistan", "Chip_ID": "UZB_18_8", "Image Source": "PS", "PS_href": "../../../../Uzbekistan/PS/UZB_18_8.tif", "labels_href": "../../../../Uzbekistan/labels/UZB_18_8.tif", "bbox": [ 68.58111004220973, 40.55054921410062, 68.61537445735257, 40.58481362924347 ] }, "geometry": { "type": "Polygon", "coordinates": [ [ [ 68.58111004220973, 40.55054921410062 ], [ 68.58111004220973, 40.58481362924347 ], [ 68.615374457352573, 40.58481362924347 ], [ 68.615374457352573, 40.55054921410062 ], [ 68.58111004220973, 40.55054921410062 ] ] ] } },
{ "type": "Feature", "properties": { "Event": "Uzbekistan", "Chip_ID": "UZB_19_9", "Image Source": "PS", "PS_href": "../../../../Uzbekistan/PS/UZB_19_9.tif", "labels_href": "../../../../Uzbekistan/labels/UZB_19_9.tif", "bbox": [ 68.61537445735259, 40.51628479895778, 68.64963887249543, 40.55054921410063 ] }, "geometry": { "type": "Polygon", "coordinates": [ [ [ 68.615374457352587, 40.516284798957777 ], [ 68.615374457352587, 40.550549214100627 ], [ 68.64963887249543, 40.550549214100627 ], [ 68.64963887249543, 40.516284798957777 ], [ 68.615374457352587, 40.516284798957777 ] ] ] } },
{ "type": "Feature", "properties": { "Event": "Uzbekistan", "Chip_ID": "UZB_21_5", "Image Source": "PS", "PS_href": "../../../../Uzbekistan/PS/UZB_21_5.tif", "labels_href": "../../../../Uzbekistan/labels/UZB_21_5.tif", "bbox": [ 68.68390328763827, 40.65334245952916, 68.71816770278112, 40.687606874672014 ] }, "geometry": { "type": "Polygon", "coordinates": [ [ [ 68.683903287638273, 40.653342459529163 ], [ 68.683903287638273, 40.687606874672014 ], [ 68.718167702781116, 40.687606874672014 ], [ 68.718167702781116, 40.653342459529163 ], [ 68.683903287638273, 40.653342459529163 ] ] ] } },
{ "type": "Feature", "properties": { "Event": "Uzbekistan", "Chip_ID": "UZB_22_12", "Image Source": "PS", "PS_href": "../../../../Uzbekistan/PS/UZB_22_12.tif", "labels_href": "../../../../Uzbekistan/labels/UZB_22_12.tif", "bbox": [ 68.71816770278113, 40.413491553529234, 68.75243211792397, 40.447755968672084 ] }, "geometry": { "type": "Polygon", "coordinates": [ [ [ 68.71816770278113, 40.413491553529234 ], [ 68.71816770278113, 40.447755968672084 ], [ 68.752432117923973, 40.447755968672084 ], [ 68.752432117923973, 40.413491553529234 ], [ 68.71816770278113, 40.413491553529234 ] ] ] } }
]
}
